group_id,group_type,sst_bin,omega_bin,n_samples,n_raw_profiles_total,mean_profiles_per_sample,median_profiles_per_sample,min_profiles_per_sample,max_profiles_per_sample,mean_sst,median_sst,mean_of_sample_median_sst,mean_omega,median_omega,mean_of_sample_median_omega,mean_olr,median_olr,mean_of_sample_median_olr,mean_dlnq,median_dlnq,p10_dlnq,p25_dlnq,p75_dlnq,p90_dlnq,mean_sample_dlnq_median,median_sample_dlnq_median,mean_q_uut,median_q_uut,mean_q_lut,median_q_lut,lat_min,lat_max,lon_min,lon_max,dominant_olr_bin_mode,olr_fraction_source,n_olr_total,frac_dominant_olr_deep_convective,frac_olr_deep_convective,n_olr_deep_convective,raw_frac_olr_deep_convective,frac_dominant_olr_convective_high_cloud,frac_olr_convective_high_cloud,n_olr_convective_high_cloud,raw_frac_olr_convective_high_cloud,frac_dominant_olr_transition,frac_olr_transition,n_olr_transition,raw_frac_olr_transition,frac_dominant_olr_clear_sky,frac_olr_clear_sky,n_olr_clear_sky,raw_frac_olr_clear_sky,frac_olr_other_or_unexpected,frac_dominant_olr_other_or_unexpected
0,sst_only,sst_295.5_296,ALL,687,34180,49.75254730713246,25.0,1.0,356.0,295.78186808248915,295.7688049316406,295.7880938223182,0.0014396279212994987,0.000510824604134541,0.0027806861329394863,276.07596661614775,278.8508266414608,277.9912432430439,-1.5201874065797185,-1.480309009552002,-2.1088837146759034,-1.8248023986816406,-1.2406571507453918,-1.0078130483627321,-1.5863238980172112,-1.5926759243011475,3.225739902787143e-05,3.1754774681758136e-05,0.0002063611154113232,0.00018148997332900763,-17.5,17.5,-152.5,157.5,clear_sky,within_sample_fractions,34180,0.011644832605531296,0.024775681002337447,652,0.019075482738443533,0.008733624454148471,0.02322239067577799,715,0.020918665886483324,0.008733624454148471,0.0281822796943292,752,0.02200117027501463,0.9708879184861717,0.9238196486275554,32061,0.9380046811000585,0.0,0.0
1,sst_only,sst_295_295.5,ALL,567,26197,46.20282186948854,22.0,1.0,395.0,295.28139992425594,295.27100471828294,295.2879166645138,-0.0019410584407590318,0.00031564799163871527,-0.0010989068810321613,275.8777058444563,278.6926039543705,277.63418810539986,-1.5131248510828672,-1.4736590385437012,-2.1458719253540037,-1.809674859046936,-1.209713339805603,-1.0225074052810668,-1.588374430852461,-1.5746150016784668,3.1945729686226894e-05,3.1534604204352945e-05,0.00020097535286562018,0.00017692006076686084,-17.5,17.5,-147.5,147.5,clear_sky,within_sample_fractions,26197,0.012345679012345678,0.021511871465912772,471,0.01797915791884567,0.007054673721340388,0.02537685205611569,524,0.02000229033858839,0.001763668430335097,0.025895710938805664,543,0.02072756422491125,0.9788359788359788,0.9272155655391657,24659,0.9412909875176547,1.1102230246251565e-16,0.0
2,sst_only,sst_296.5_297,ALL,988,57105,57.79858299595141,35.5,1.0,383.0,296.783335218648,296.7671500272529,296.78900867724707,0.00032921509843263796,0.00027191367254794565,0.0017229887899011724,276.88838592523945,279.79590646322674,279.32719539534224,-1.5138674563137242,-1.4913368821144104,-2.088729906082153,-1.798185020685196,-1.2380207180976868,-1.0313770771026611,-1.5848411246969247,-1.5863149166107178,3.28472984603451e-05,3.200409628334455e-05,0.00020577313527614068,0.00018306236597709358,-17.5,17.5,-177.5,172.5,clear_sky,within_sample_fractions,57105,0.010121457489878543,0.025955755621780163,1451,0.025409333683565363,0.011133603238866396,0.029974725977488865,1403,0.0245687768146397,0.006072874493927126,0.029648052687747846,1242,0.021749408983451537,0.9726720647773279,0.9144214657129831,53009,0.9282724805183434,0.0,0.0
3,sst_only,sst_296_296.5,ALL,826,44323,53.65980629539951,29.0,1.0,374.0,296.2802502617633,296.268379504864,296.2864883644529,-0.0006870689747726281,0.0005393449805770557,0.0013727574840321972,276.48396189410084,279.73147667893653,278.5371387102991,-1.5217304464190584,-1.4823512434959412,-2.1112321615219116,-1.8039641976356506,-1.2288365960121155,-1.0278173685073853,-1.59142966137987,-1.5926925539970398,3.2549964972480946e-05,3.199735510861501e-05,0.0002059410762156725,0.00018090936646331102,-17.5,17.5,-157.5,172.5,clear_sky,within_sample_fractions,44323,0.010895883777239709,0.024515732572224832,1003,0.022629334656950117,0.006053268765133172,0.021910148487177608,994,0.022426279809579678,0.010895883777239709,0.029212872272247465,958,0.02161406042009792,0.9721549636803875,0.92436124666835,41368,0.9333303251133723,1.1102230246251565e-16,0.0
4,sst_only,sst_297.5_298,ALL,1406,93643,66.60241820768137,43.0,1.0,441.0,297.77897643405345,297.76677716757365,297.78549142243344,-0.0009064381966109688,0.00017800240060323095,0.0010505200444420068,276.57835944220955,279.5370583514121,279.70552749416737,-1.5360692686813315,-1.5180941224098206,-2.073965549468994,-1.7856609225273132,-1.276865303516388,-1.0834864974021912,-1.6140771924649202,-1.631077766418457,3.415930161303068e-05,3.323131022625603e-05,0.00021904058618682308,0.00019574701582314447,-17.5,17.5,-177.5,177.5,clear_sky,within_sample_fractions,93643,0.009246088193456615,0.030863837446075917,2549,0.027220400884209177,0.009246088193456615,0.0355538183882562,2532,0.027038860352615785,0.006401137980085348,0.02920164861064174,2317,0.024742906570699358,0.9751066856330014,0.9043806955550262,86245,0.9209978321924757,0.0,0.0
5,sst_only,sst_297_297.5,ALL,1201,73293,61.026644462947544,37.0,1.0,409.0,297.281553045929,297.26789379119873,297.2877220642954,-4.2640771787590885e-06,0.00024512009753152597,0.00211931665044017,277.0491668760912,280.1731465657552,279.6374802029599,-1.5417712019860348,-1.5130176544189453,-2.08266282081604,-1.8111145496368408,-1.258919596672058,-1.0654704570770264,-1.6203397714643801,-1.6370837688446045,3.321507664850855e-05,3.2396648748544976e-05,0.00021208770395892985,0.0001894696761155501,-17.5,17.5,-177.5,177.5,clear_sky,within_sample_fractions,73293,0.00749375520399667,0.024652644526432666,1880,0.025650471395631234,0.009159034138218152,0.030366607912676577,1911,0.026073431296303875,0.009159034138218152,0.032763962311536554,1712,0.02335830161134078,0.974188176519567,0.9122167852493541,67790,0.924917795696724,1.1102230246251565e-16,0.0
6,sst_only,sst_298.5_299,ALL,1843,156941,85.15518176885513,63.0,1.0,497.0,298.77440717960593,298.76592596646014,298.7807365164961,-0.0015013404213217335,0.0002664199901945804,0.0011907091609470774,275.8179591232407,278.43440416124133,279.51863934769943,-1.5688697885159995,-1.5572562217712402,-2.0425726413726806,-1.7975331544876099,-1.323663055896759,-1.128165864944458,-1.6670106217614817,-1.6821353435516357,3.544860468180784e-05,3.4815941035049036e-05,0.0002378268863235208,0.00021440020645968616,-17.5,17.5,-177.5,177.5,clear_sky,within_sample_fractions,156941,0.01465002712967987,0.03830549481202205,5311,0.033840742699485796,0.008138903960933261,0.041865803364141516,5492,0.034994042347124076,0.005968529571351058,0.03851217612516457,4835,0.030807755780834837,0.9712425393380358,0.8813165256986719,141303,0.9003574591725553,0.0,0.0
7,sst_only,sst_298_298.5,ALL,1648,120913,73.36953883495146,48.0,1.0,498.0,298.27928099223794,298.2686223435676,298.2858689132246,-0.001167380308919553,0.0002081579029733312,0.001211717899322099,276.027528415661,278.89339202354694,279.29104073070783,-1.5490697198728263,-1.5336628556251526,-2.0699583530426025,-1.7997587323188782,-1.2999922335147858,-1.0962237358093263,-1.6415735073432833,-1.656606912612915,3.487924656994737e-05,3.3916494430741295e-05,0.00022940045725416215,0.000205976924917195,-17.5,17.5,-177.5,177.5,clear_sky,within_sample_fractions,120913,0.015776699029126214,0.03605106962785866,3693,0.030542621554340725,0.009101941747572815,0.03957511839489996,3850,0.03184107581484208,0.0024271844660194173,0.03177506854524861,3245,0.026837478186795466,0.9726941747572816,0.8925987434319927,110125,0.9107788244440217,0.0,0.0
8,sst_only,sst_299.5_300,ALL,2111,240334,113.84841307437233,94.0,1.0,715.0,299.76820153613414,299.7597361246745,299.77346190972554,-0.006124320826951754,0.00012672983237537507,-0.00019960235343223663,271.81643932463106,275.20096596338414,276.71404833954017,-1.6169580792702032,-1.606744408607483,-2.066664457321167,-1.8385493159294128,-1.3841012716293335,-1.2011760473251343,-1.729115911252525,-1.7434196472167969,3.9095616482495286e-05,3.8274494727374986e-05,0.00028443729376377997,0.00025496145826764405,-17.5,17.5,-177.5,177.5,clear_sky,within_sample_fractions,240334,0.031264803410705824,0.06482332766396989,12236,0.050912480131816554,0.00994789199431549,0.06041365102568362,12522,0.052102490700441886,0.006631927996210327,0.04876630674457911,10202,0.04244925811578886,0.9521553765987684,0.8259967145657674,205374,0.8545357710519527,0.0,0.0
9,sst_only,sst_299_299.5,ALL,1977,195175,98.72281234193223,77.0,1.0,535.0,299.27180240320223,299.2613177829319,299.2774921932423,-0.0033684632299559136,0.00012931133038364352,0.00042237375464284743,274.0616563150059,277.1134891020946,278.1920984487191,-1.5896189770518558,-1.5775706768035889,-2.0430063247680663,-1.8244478702545166,-1.3621149063110352,-1.1678331851959227,-1.6947706979094097,-1.7144943475723267,3.7283736538747536e-05,3.619417839217931e-05,0.00025866367656523636,0.00023209050414152443,-17.5,17.5,-177.5,177.5,clear_sky,within_sample_fractions,195175,0.023773394031360646,0.05174749649644771,7582,0.03884718842064814,0.008093070308548306,0.04803756418570551,8254,0.0422902523376457,0.0035407182599898838,0.04072344974451004,6946,0.035588574356346867,0.9645928174001012,0.8594914895733367,172393,0.8832739848853592,1.1102230246251565e-16,0.0
10,sst_only,sst_300.5_301,ALL,2313,328580,142.05793341980112,116.0,1.0,831.0,300.7575187956546,300.7555562130691,300.76000799104037,-0.015529274710116565,0.00013288776617406345,-0.004439423919451152,263.34739395443614,267.02380309233797,269.84463636214423,-1.737684310938546,-1.7395291328430176,-2.1182312965393066,-1.9430607557296753,-1.5298734903335571,-1.34134395122528,-1.8621712856983603,-1.8859449625015259,4.407871025526676e-05,4.358241494628601e-05,0.0003558170680724963,0.000335178425302729,-17.5,17.5,-177.5,177.5,clear_sky,within_sample_fractions,328580,0.06701253782965845,0.1235606912648887,38704,0.11779170978148396,0.0038910505836575876,0.08403752278407914,28386,0.08638992026294966,0.00216169476869866,0.059512135380535736,19970,0.06077667539107676,0.9269347168179853,0.7328896505704965,241520,0.7350416945644896,0.0,0.0
11,sst_only,sst_300_300.5,ALL,2244,287461,128.10204991087343,106.0,1.0,626.0,300.26371291401415,300.25741175601354,300.2666787880202,-0.008643806129139765,0.00015174240986721158,-0.0006615894095674867,268.38058426448794,271.73091413965767,274.0767266618589,-1.6716536835114906,-1.6556897163391113,-2.103926968574524,-1.8945260643959045,-1.4453596472740173,-1.2546149611473083,-1.785132172080869,-1.7993510961532593,4.1306382903641466e-05,4.060564060637262e-05,0.00031656434089402696,0.00028832345560658723,-17.5,17.5,-177.5,177.5,clear_sky,within_sample_fractions,287461,0.04055258467023173,0.08466960497930902,21647,0.07530412821217487,0.00980392156862745,0.07358672550555863,19489,0.0677970229004978,0.0071301247771836,0.056349296331942286,14813,0.05153046848094176,0.9425133689839572,0.78539437318319,231512,0.8053683804063856,0.0,0.0
12,sst_only,sst_301.5_302,ALL,2262,394711,174.49646330680812,139.0,1.0,804.0,301.7429032770944,301.74746908182976,301.74133004644716,-0.02186719466279502,0.00022658452934727445,-0.005927366549373289,252.60430099297272,253.48618901914404,259.5691197510845,-1.872145088239648,-1.8950210809707642,-2.19808144569397,-2.0616145730018616,-1.724471926689148,-1.5393104910850524,-1.981109855976532,-2.0105315446853638,4.9617933548147406e-05,4.958898716722615e-05,0.00045068614139290005,0.00044834392610937357,-17.5,17.5,-177.5,177.5,clear_sky,within_sample_fractions,394711,0.13793103448275862,0.2021351992772041,95527,0.2420175774174016,0.005747126436781609,0.11184867252170155,47295,0.11982184433674258,0.0022104332449160036,0.0705440687394332,28653,0.07259235237933577,0.8541114058355438,0.6154720594616611,223236,0.5655682258665201,1.1102230246251565e-16,0.0
13,sst_only,sst_301_301.5,ALL,2303,366415,159.10334346504558,132.0,1.0,896.0,301.2522897048933,301.25253254093536,301.2539733078394,-0.01873404687334297,0.00012237650824115716,-0.004239257200278498,257.8237966232641,259.9109354654948,264.6787107155419,-1.8041235184571145,-1.8152552843093872,-2.160051107406616,-2.0043652057647705,-1.6167492270469666,-1.4256098508834838,-1.9242285788706268,-1.9462103843688965,4.689590145504056e-05,4.664266452891752e-05,0.0004025324550154634,0.0003895787231158465,-17.5,17.5,-177.5,177.5,clear_sky,within_sample_fractions,366415,0.09986973512809379,0.16375588470447033,63863,0.17429144549213324,0.0034737299174989146,0.09871566935028445,38297,0.10451810106027319,0.0004342162396873643,0.0645412994724754,24903,0.06796392069101974,0.8962223187147199,0.6729871464727698,239352,0.6532265327565738,0.0,0.0
14,sst_only,sst_302.5_303,ALL,2019,313434,155.24219910846955,83.0,1.0,1258.0,302.70969322802205,302.7217205751289,302.6993988173146,-0.023466516772915252,0.00010480886627000903,-0.007533375470017608,247.06160876187477,246.7921850742438,253.1889088608476,-1.9776947867750767,-2.010240077972412,-2.2693889141082764,-2.151980757713318,-1.8455795049667358,-1.6688937425613404,-2.0464510624769776,-2.0806827545166016,5.415413712050069e-05,5.432797843241133e-05,0.000521318171006416,0.0005249430541880429,-17.5,17.5,-177.5,177.5,clear_sky,within_sample_fractions,313434,0.20901436354631006,0.23754898166679797,103070,0.3288411595423598,0.014363546310054482,0.12460038532873835,45274,0.14444508253731247,0.007429420505200594,0.0770080174600814,25263,0.08060070062596911,0.7691926696384349,0.5608426155443823,139827,0.44611305729435863,0.0,0.0
15,sst_only,sst_302_302.5,ALL,2172,384215,176.89456721915286,120.0,1.0,944.0,302.2293595523504,302.2364816190784,302.2237561684287,-0.023124625443085318,0.00012650099318747292,-0.006628954446296084,248.4731286660436,249.26278619107973,255.1284359217129,-1.9395688104153392,-1.965447187423706,-2.2268427133560182,-2.111757814884186,-1.8046215772628784,-1.6375263452529907,-2.026206389532646,-2.0611199140548706,5.2193994952092835e-05,5.21609381394228e-05,0.0004918146333504316,0.00048662585322745144,-17.5,17.5,-177.5,177.5,clear_sky,within_sample_fractions,384215,0.18139963167587478,0.228905678427465,114136,0.29706284241895814,0.007366482504604052,0.12135272249845026,51260,0.1334148848951759,0.004604051565377533,0.07623124091411283,29497,0.07677211977668753,0.8066298342541437,0.5735103581599719,189322,0.49275015290917845,0.0,0.0
16,sst_only,sst_303.5_304,ALL,1365,50317,36.86227106227106,21.0,1.0,337.0,303.6696771113064,303.6714324951172,303.65196201198705,-0.02048508332593734,0.0003987457098749777,-0.00783586469558894,250.9981222480126,250.91805678147537,256.60911369463463,-1.9647174280805466,-2.0218186378479004,-2.327091836929321,-2.1861977577209473,-1.8041750192642212,-1.5178126096725455,-2.0115183872017233,-2.057692050933838,5.717339757281409e-05,5.750453783548437e-05,0.0005461288675101743,0.0005486932350322604,-17.5,17.5,-177.5,177.5,clear_sky,within_sample_fractions,50317,0.15604395604395604,0.19387447756512668,12543,0.24927956754178507,0.041025641025641026,0.12643812906926283,6624,0.13164536836456864,0.015384615384615385,0.07756480024745532,4092,0.0813244032831846,0.7875457875457875,0.6021225931181552,27058,0.5377506608104616,0.0,0.0
17,sst_only,sst_303_303.5,ALL,1692,178198,105.31796690307328,53.0,1.0,1235.0,303.1947650419205,303.2056189943172,303.1813466588374,-0.02340340431380375,0.00019804075210002199,-0.0083913590152247,247.41139458619037,247.43975292387464,253.372623831386,-1.9752440714259714,-2.014596939086914,-2.2707924365997316,-2.1555697321891785,-1.8477005660533905,-1.584393310546875,-2.0376749214777905,-2.0777788162231445,5.606823237649997e-05,5.599552059720736e-05,0.0005361106292350117,0.0005357872287277132,-17.5,17.5,-177.5,177.5,clear_sky,within_sample_fractions,178198,0.1979905437352246,0.2298170845104347,55223,0.3098968563059069,0.02127659574468085,0.13002246669743558,26335,0.14778504809257118,0.015957446808510637,0.08208695076376249,14980,0.08406379420644451,0.764775413711584,0.5580734980283671,81660,0.4582543013950774,1.1102230246251565e-16,0.0
18,sst_only,sst_304.5_305,ALL,282,1798,6.375886524822695,2.0,1.0,103.0,304.65086038455155,304.6445198059082,304.64585865643005,-0.01789934484180952,0.0015829394687898457,-0.010769561319358082,257.3983852702494,260.5929205758231,260.0490913932205,-1.9011983001697148,-1.8900254368782043,-2.656530809402466,-2.2890238761901855,-1.5754092931747437,-1.2540889024734496,-1.9388283597873457,-1.9368950128555298,6.2159701296523e-05,6.251154627534561e-05,0.0005651448017301233,0.00048710056580603123,-17.5,17.5,-172.5,172.5,clear_sky,within_sample_fractions,1798,0.1595744680851064,0.152405528424737,229,0.12736373748609567,0.08156028368794327,0.1034072780791872,147,0.0817575083426029,0.05319148936170213,0.07554828480802814,120,0.06674082313681869,0.7056737588652482,0.6686389086880475,1302,0.7241379310344828,1.1102230246251565e-16,0.0
19,sst_only,sst_304_304.5,ALL,828,9073,10.957729468599034,5.0,1.0,142.0,304.1494473023077,304.15018345759466,304.1384488902806,-0.01791802076745934,0.0007424583243846427,-0.008378191757344392,253.9765589435691,256.0996234291478,257.9921412444921,-1.9382314008980053,-1.9468043446540833,-2.4755790710449217,-2.207097351551056,-1.6928264498710632,-1.3631462454795833,-1.9687991197387449,-1.9695076942443848,5.933910432394472e-05,6.020068030920811e-05,0.000563461686313724,0.0005242319020908326,-17.5,17.5,-177.5,177.5,clear_sky,within_sample_fractions,9073,0.16666666666666666,0.16862453961944499,1670,0.18406260332855726,0.06763285024154589,0.11008272062845788,1008,0.11109886476358426,0.04106280193236715,0.08086616331503763,665,0.07329438994819795,0.7246376811594203,0.6404265764370595,5730,0.6315441419596606,0.0,0.0
20,sst_by_omega,sst_295.5_296,neutral,127,4172,32.8503937007874,20.0,1.0,151.0,295.78444107487394,295.771482195173,295.79149729811303,0.00025765998368410486,0.00032279637399251044,0.0002467187660002983,277.0489909069235,279.4407653808594,278.9437032384197,-1.5252881261307423,-1.4869004487991333,-2.058994102478027,-1.8272035717964172,-1.242952287197113,-1.028812575340271,-1.6017884182648396,-1.5973107814788818,3.157329810501395e-05,3.1402745662489906e-05,0.00019292109467155174,0.00018105491471942514,-17.5,17.5,-147.5,147.5,clear_sky,within_sample_fractions,4172,0.0,0.014715616737543149,48,0.011505273250239693,0.007874015748031496,0.012903500519473615,51,0.012224352828379675,0.007874015748031496,0.027232346592180684,86,0.020613614573346116,0.984251968503937,0.9451485361508025,3987,0.9556567593480345,0.0,0.0
21,sst_by_omega,sst_295.5_296,strong_ascent,136,4989,36.68382352941177,20.0,1.0,160.0,295.7805906145224,295.7706287055355,295.7872119230383,-0.10031754176076116,-0.09120263906340276,-0.08435819889692699,273.8953829795023,277.55480417466504,276.3719031390022,-1.5951088415458798,-1.5524166226387024,-2.3045703172683716,-1.9247295260429382,-1.3351549208164215,-1.0488545894622803,-1.681172294925679,-1.6293466091156006,3.218582490744131e-05,3.180295789206866e-05,0.0002214102135386544,0.00019231527403462678,-17.5,17.5,-152.5,147.5,clear_sky,within_sample_fractions,4989,0.022058823529411766,0.045838226038163656,232,0.04650230507115655,0.007352941176470588,0.036372905262346315,218,0.04369613148927641,0.0,0.027099402013287338,198,0.0396873120865905,0.9705882352941176,0.8906894666862027,4341,0.8701142513529766,0.0,0.0
22,sst_by_omega,sst_295.5_296,strong_subsidence,147,10484,71.31972789115646,32.0,1.0,356.0,295.78778436510555,295.7716326032366,295.793764283057,0.0978154469328474,0.09324961602687835,0.08890656939371913,275.4762535979069,279.1330013872891,277.45737462465456,-1.4895115884109622,-1.4618409872055054,-2.129647731781006,-1.769001066684723,-1.2006509900093079,-0.9989290475845336,-1.5472316178461525,-1.6020963191986084,3.1930033166187605e-05,3.156724415021017e-05,0.0001930346669457761,0.00017751332779880613,-17.5,17.5,-147.5,157.5,clear_sky,within_sample_fractions,10484,0.02040816326530612,0.03010334219369438,211,0.020125906142693627,0.013605442176870748,0.02247520243300343,222,0.021175123998473867,0.013605442176870748,0.034044917394530305,205,0.019553605494086225,0.9523809523809523,0.9133765379787719,9846,0.9391453643647463,0.0,0.0
23,sst_by_omega,sst_295.5_296,weak_ascent,139,6075,43.70503597122302,24.0,1.0,198.0,295.77708019994014,295.76429631159857,295.78211195691887,-0.02791275290787584,-0.02784072111050288,-0.027391231588670892,276.85844980504476,279.36859408291906,278.3315618501293,-1.5242966523916601,-1.4815647602081299,-2.0669694423675535,-1.855004906654358,-1.232179045677185,-1.0146113157272338,-1.5781030027772025,-1.572778582572937,3.294534248551362e-05,3.2216772524407133e-05,0.000222234803488731,0.00018047915364149958,-17.5,17.5,-152.5,152.5,clear_sky,within_sample_fractions,6075,0.014388489208633094,0.02159663726649703,85,0.013991769547325103,0.0,0.014706682138224238,100,0.01646090534979424,0.014388489208633094,0.036194845942422914,138,0.02271604938271605,0.9712230215827338,0.927501834652856,5752,0.9468312757201646,0.0,0.0
24,sst_by_omega,sst_295.5_296,weak_subsidence,138,8460,61.30434782608695,32.0,1.0,307.0,295.77927958785375,295.76802391464867,295.78581569505775,0.029713689844453377,0.029632379802466476,0.029636439347666674,277.1801545877421,278.79124633003687,278.9364768318508,-1.470195041105583,-1.4207480549812317,-2.0202733635902406,-1.7404422163963318,-1.2103453576564789,-0.9714735746383667,-1.5285405181078375,-1.5480306148529053,3.2613294235383414e-05,3.213904346921481e-05,0.00020210568476139324,0.0001772851828718558,-17.5,17.5,-152.5,147.5,clear_sky,within_sample_fractions,8460,0.0,0.010803528255300175,76,0.008983451536643027,0.014492753623188406,0.029132167664801156,124,0.014657210401891253,0.007246376811594203,0.015808065333314462,125,0.014775413711583925,0.9782608695652174,0.9442562387465843,8135,0.9615839243498818,0.0,0.0
25,sst_by_omega,sst_295_295.5,neutral,107,3175,29.672897196261683,16.0,1.0,154.0,295.28098277000714,295.2756683349609,295.29287420255,0.00026051672835761356,0.00030458752903191803,0.00033321023052237345,277.26956757492064,279.11384998668325,278.7101058959961,-1.4720611544412987,-1.4431482553482056,-2.1458719253540037,-1.7894970774650574,-1.1966300010681152,-0.859404182434082,-1.5415979927388308,-1.500035285949707,3.303009645741925e-05,3.2052277674665675e-05,0.00020768770129813173,0.00017502534319646657,-17.5,17.5,-147.5,147.5,clear_sky,within_sample_fractions,3175,0.0,0.007988998341883796,27,0.008503937007874015,0.028037383177570093,0.02865518151874886,51,0.016062992125984252,0.009345794392523364,0.029264271978653694,48,0.015118110236220473,0.9626168224299065,0.9340915481607137,3049,0.9603149606299213,0.0,0.0
26,sst_by_omega,sst_295_295.5,strong_ascent,112,3688,32.92857142857143,17.5,1.0,165.0,295.27484915173255,295.2680192493257,295.280090876988,-0.10935668335598896,-0.08817253333906974,-0.09577289689332247,272.97415872807534,276.5386790805393,274.92710270200456,-1.5361108572355338,-1.4986549615859985,-2.2560475587844846,-1.8620245158672333,-1.2693187892436981,-1.0937322497367858,-1.607699544701193,-1.59568852186203,3.2293789404645524e-05,3.175552956236061e-05,0.00020852989346816945,0.00018467179324943572,-17.5,17.5,-147.5,147.5,clear_sky,within_sample_fractions,3688,0.026785714285714284,0.03840851389328997,170,0.04609544468546638,0.0,0.025630223485030777,140,0.03796095444685466,0.0,0.03885593836136057,142,0.03850325379609545,0.9732142857142857,0.8971053242603187,3236,0.8774403470715835,0.0,0.0
27,sst_by_omega,sst_295_295.5,strong_subsidence,118,8068,68.37288135593221,25.5,1.0,395.0,295.2834880088742,295.27170136395625,295.289495823747,0.09545314939719644,0.09183104116149993,0.08641346836052204,275.93236267724245,278.62525975219603,278.106595443467,-1.4959774658841603,-1.440470576286316,-2.042131543159485,-1.7324826419353485,-1.17245152592659,-1.030919146537781,-1.5870930224151936,-1.5463185906410217,3.103580860686449e-05,3.103748713328969e-05,0.00019109012524587974,0.00016595121269347146,-17.5,17.5,-142.5,147.5,clear_sky,within_sample_fractions,8068,0.00847457627118644,0.02460421414222891,143,0.017724343083787803,0.0,0.023283660057632768,165,0.020451165096678235,0.0,0.01890178730807244,157,0.01945959345562717,0.9915254237288136,0.9332103384920659,7603,0.9423648983639068,0.0,0.0
28,sst_by_omega,sst_295_295.5,weak_ascent,117,4615,39.44444444444444,18.0,1.0,188.0,295.2877943615004,295.27528765918765,295.292957794972,-0.02850324135555755,-0.0284267570823431,-0.028321628438897878,276.7419520332104,278.6926039543705,278.31305453308624,-1.5571200867844188,-1.4830825328826904,-2.1899758338928224,-1.8357787132263184,-1.248998761177063,-1.0920251607894897,-1.629409973931491,-1.6093260049819946,3.156516542233468e-05,3.147523966617882e-05,0.0001994437548130677,0.00017961360572371632,-17.5,17.5,-147.5,147.5,clear_sky,within_sample_fractions,4615,0.008547008547008548,0.012646196173678969,57,0.012351029252437704,0.0,0.023973328050171,83,0.01798483206933911,0.0,0.02055373997250751,100,0.021668472372697724,0.9914529914529915,0.9428267358036425,4375,0.9479956663055255,0.0,0.0
29,sst_by_omega,sst_295_295.5,weak_subsidence,113,6651,58.85840707964602,27.0,1.0,315.0,295.2794864630585,295.2666809082031,295.28411028026477,0.028238059466877723,0.028943061957963638,0.028182938200446355,276.4856860349162,279.6018920898438,278.1023201731454,-1.5015791141617614,-1.4310593605041504,-2.1126994132995605,-1.8328808546066284,-1.198290228843689,-1.0300574779510498,-1.5723630483962794,-1.601758360862732,3.191817900710904e-05,3.146484959870577e-05,0.00019904016703830833,0.00017426465637981892,-17.5,17.5,-147.5,147.5,clear_sky,within_sample_fractions,6651,0.017699115044247787,0.023519933818044663,74,0.011126146444143737,0.008849557522123894,0.025660481365640243,85,0.012780033077732672,0.0,0.02269493296441202,96,0.014433919711321606,0.9734513274336283,0.9281246518519032,6396,0.961659900766802,0.0,0.0
30,sst_by_omega,sst_296.5_297,neutral,183,6788,37.09289617486339,26.0,1.0,178.0,296.7768365178428,296.76483609383564,296.78026284806714,0.000348880244547762,0.0002716219241847284,0.00029037101951553517,278.8180245594711,281.1478576660156,280.9144996684757,-1.4924183349466063,-1.4789503812789917,-2.063201570510864,-1.7080756425857544,-1.255366027355194,-1.037878441810608,-1.5607739217945786,-1.532729148864746,3.310671333858776e-05,3.2292173273162916e-05,0.0002005521918825431,0.00017797172768041492,-17.5,17.5,-157.5,167.5,clear_sky,within_sample_fractions,6788,0.01092896174863388,0.018892490199249552,85,0.01252209781968179,0.00546448087431694,0.02145809763806615,120,0.01767825574543312,0.0,0.01588231352982984,108,0.015910430170889805,0.9836065573770492,0.9437670986328544,6475,0.9538892162639953,1.1102230246251565e-16,0.0
31,sst_by_omega,sst_296.5_297,strong_ascent,202,8771,43.42079207920792,32.5,1.0,241.0,296.7897609099485,296.7708283026419,296.79332793585144,-0.10146298387790917,-0.08898570727118674,-0.0850790097737814,273.7021746915236,277.3136246413606,276.6891865116535,-1.6200277619801535,-1.6046643257141113,-2.245999479293823,-1.9485534727573395,-1.3173581957817078,-1.1259782671928407,-1.6915857379167978,-1.6958576440811157,3.276238834641305e-05,3.189617382304277e-05,0.00022697134821524146,0.00020094415958737954,-17.5,17.5,-177.5,172.5,clear_sky,within_sample_fractions,8771,0.019801980198019802,0.04096798459126594,560,0.06384676775738228,0.01485148514851485,0.046929013817633314,462,0.052673583399840386,0.009900990099009901,0.039961436757361316,311,0.035457758522403376,0.9554455445544554,0.8721415648337394,7438,0.848021890320374,0.0,0.0
32,sst_by_omega,sst_296.5_297,strong_subsidence,206,17277,83.86893203883496,50.5,1.0,383.0,296.78594284658317,296.7658648168142,296.7920869253214,0.10070630657556483,0.09637373517642715,0.09131979331989022,277.4106218934604,280.6710001935519,280.12483822720725,-1.4412478564004187,-1.4402236342430115,-2.0011083483695984,-1.7829391062259674,-1.1488436460494995,-0.9579871594905853,-1.4987026796906788,-1.5386603474617004,3.2083462521715546e-05,3.151471901219338e-05,0.000190931707404991,0.00017234494589501992,-17.5,17.5,-177.5,172.5,clear_sky,within_sample_fractions,17277,0.0048543689320388345,0.026307681398107338,452,0.026161949412513746,0.009708737864077669,0.025020142548223635,370,0.021415755050066564,0.009708737864077669,0.034927366980394524,380,0.0219945592406089,0.9757281553398058,0.9137448090732745,16075,0.9304277362968107,0.0,0.0
33,sst_by_omega,sst_296.5_297,weak_ascent,200,10451,52.255,35.0,1.0,251.0,296.7845820342513,296.7721971552423,296.79146102905275,-0.028637364691941336,-0.02811884036664551,-0.02837383434874937,276.54036795944876,279.3245995731677,278.7803229522705,-1.529967213869095,-1.5189238786697388,-2.0363804578781126,-1.7995432615280151,-1.2526700496673584,-1.0728791594505311,-1.6079092007875442,-1.6317062377929688,3.3606687320570924e-05,3.235646727262065e-05,0.00020902204976664507,0.00018909989739768207,-17.5,17.5,-177.5,172.5,clear_sky,within_sample_fractions,10451,0.01,0.023563026131482236,189,0.01808439383791025,0.015,0.03164855644357935,231,0.022103148024112524,0.01,0.03376638810071473,212,0.0202851401779734,0.965,0.9110220293242237,9819,0.9395273179600039,0.0,0.0
34,sst_by_omega,sst_296.5_297,weak_subsidence,197,13818,70.14213197969544,43.0,1.0,347.0,296.77879074214746,296.76566714332216,296.7869955150004,0.02913155309471457,0.029170085003392562,0.02892398196958043,278.17018177727397,280.9538094656808,280.2787749779406,-1.4845298600529657,-1.4414448738098145,-2.005974769592285,-1.7673962116241455,-1.2146960496902466,-1.0382725238800048,-1.5643984379653397,-1.5353522300720215,3.2721163189321696e-05,3.198070407961495e-05,0.00020110788081261757,0.00018022491713054478,-17.5,17.5,-177.5,172.5,clear_sky,within_sample_fractions,13818,0.005076142131979695,0.019184976477735278,165,0.011940946591402518,0.01015228426395939,0.02398312666589352,220,0.015921262121870023,0.0,0.02215881845911071,231,0.016717325227963525,0.9847715736040609,0.9346730783972605,13202,0.955420466058764,0.0,0.0
35,sst_by_omega,sst_296_296.5,neutral,157,5296,33.732484076433124,20.0,1.0,170.0,296.2802464919405,296.2652975546347,296.285400390625,0.00020315442125653024,0.0003762342425159596,0.00023031706095239923,277.3618043848674,280.06795077853735,279.3329191754578,-1.514283405272824,-1.4723904132843018,-2.064199209213257,-1.7754473686218262,-1.2174594402313232,-0.9975447416305542,-1.574116974452119,-1.6107666492462158,3.233737998537661e-05,3.186590038239956e-05,0.00020056548002140765,0.00018597888993099332,-17.5,17.5,-157.5,162.5,clear_sky,within_sample_fractions,5296,0.006369426751592357,0.021690779890446113,66,0.012462235649546828,0.0,0.01617479679746211,95,0.017938066465256797,0.01910828025477707,0.023841833071796194,84,0.015861027190332326,0.9745222929936306,0.9382925902402955,5051,0.9537386706948641,0.0,0.0
36,sst_by_omega,sst_296_296.5,strong_ascent,162,6625,40.89506172839506,26.5,1.0,197.0,296.2789434482791,296.2694611751672,296.28659924165703,-0.10803405032042629,-0.0900236751549716,-0.08804532645247233,273.7967424810509,277.3437657223808,276.5470221248674,-1.6415615287827856,-1.553641676902771,-2.2464988470077514,-1.903097778558731,-1.3746532797813416,-1.163309133052826,-1.7298901393135757,-1.7242469787597656,3.249713649387963e-05,3.19059363391716e-05,0.00022120313843953664,0.00019413674453971907,-17.5,17.5,-157.5,172.5,clear_sky,within_sample_fractions,6625,0.018518518518518517,0.04323484259888832,384,0.057962264150943396,0.012345679012345678,0.035917579878090786,310,0.04679245283018868,0.006172839506172839,0.036207475659368146,250,0.03773584905660377,0.9629629629629629,0.8846401018636527,5681,0.8575094339622642,0.0,0.0
37,sst_by_omega,sst_296_296.5,strong_subsidence,168,13468,80.16666666666667,45.0,1.0,374.0,296.2828098651576,296.26713076154726,296.2916739327567,0.0981257889989701,0.09353506523832868,0.0886070023490382,275.99160391803133,279.95510877448623,278.0533080328079,-1.4435147426335053,-1.3842474222183228,-2.0463295459747313,-1.744292974472046,-1.1481646299362183,-1.0374433636665343,-1.5093713588680007,-1.4806239604949951,3.170147404251198e-05,3.1373232559417374e-05,0.00018603650239258838,0.00017035144264809787,-17.5,17.5,-157.5,162.5,clear_sky,within_sample_fractions,13468,0.011904761904761904,0.02440461099913544,315,0.02338877338877339,0.017857142857142856,0.02883269670906461,276,0.020493020493020493,0.005952380952380952,0.025967787053327283,295,0.021903771903771904,0.9642857142857143,0.9207949052384725,12582,0.9342144342144342,1.1102230246251565e-16,0.0
38,sst_by_omega,sst_296_296.5,weak_ascent,164,8086,49.30487804878049,31.0,1.0,217.0,296.27651261205096,296.2693569377317,296.2803141896318,-0.028203745979103065,-0.02783783228494642,-0.0275145216203272,277.86909955914905,280.0156498983632,279.5737384237894,-1.517760209466626,-1.4703669548034668,-2.030041980743408,-1.824405312538147,-1.243897944688797,-1.072548520565033,-1.597003982107087,-1.5698235034942627,3.2715271300930466e-05,3.268839282100089e-05,0.0002103974757174888,0.0001798054508981295,-17.5,17.5,-157.5,157.5,clear_sky,within_sample_fractions,8086,0.006097560975609756,0.016022594335199685,112,0.013851100667820925,0.0,0.015239046936199688,158,0.019539945584961662,0.006097560975609756,0.025995989427877203,154,0.01904526341825377,0.9878048780487805,0.9427423693007235,7662,0.9475636903289636,0.0,0.0
39,sst_by_omega,sst_296_296.5,weak_subsidence,175,10848,61.988571428571426,32.0,1.0,325.0,296.28250887221583,296.2690000791807,296.28816973005024,0.02881362127631723,0.02945977782544035,0.02849991965506758,277.3586009613896,280.12812110559264,279.1585247366769,-1.4962899162088121,-1.4412328004837036,-2.0539225578308105,-1.7677564024925232,-1.1978358030319214,-0.9876319289207458,-1.5523388079234532,-1.5441324710845947,3.344922380035444e-05,3.1983989174477756e-05,0.00021156755282260878,0.00017586398462299258,-17.5,17.5,-157.5,162.5,clear_sky,within_sample_fractions,10848,0.011428571428571429,0.017787531668630036,126,0.011615044247787611,0.0,0.013694827818839107,155,0.01428834808259587,0.017142857142857144,0.03368641803803381,175,0.016132005899705013,0.9714285714285714,0.9348312224744969,10392,0.9579646017699115,1.1102230246251565e-16,0.0
40,sst_by_omega,sst_297.5_298,neutral,269,11064,41.13011152416357,30.0,1.0,185.0,297.7763538462786,297.7642263736365,297.7797574181539,3.174300662939127e-05,9.159439611500381e-05,0.00012715226103969364,278.5516074159273,280.99500361851284,281.08505680126774,-1.4871883020081929,-1.4778369665145874,-2.061677885055542,-1.7281666994094849,-1.2456934452056885,-1.0323868274688721,-1.5668615605889864,-1.6252354383468628,3.432046100373365e-05,3.3479278499726206e-05,0.000210100908954234,0.00019014244026038796,-17.5,17.5,-177.5,177.5,clear_sky,within_sample_fractions,11064,0.0,0.014848167720491998,175,0.01581706435285611,0.011152416356877323,0.03228956542914558,222,0.020065075921908895,0.0037174721189591076,0.025305545797404322,215,0.01943239334779465,0.9851301115241635,0.927556721052958,10452,0.9446854663774403,0.0,0.0
41,sst_by_omega,sst_297.5_298,strong_ascent,287,15427,53.75261324041812,36.0,1.0,260.0,297.78156081052896,297.76706771850587,297.7881381470152,-0.10913080728845918,-0.09539730101823807,-0.08944127112237626,271.2252722977732,276.181494140625,274.9628429346384,-1.6748254059291467,-1.645074486732483,-2.1726098537445067,-1.917136788368225,-1.4160651564598083,-1.172811198234558,-1.7584311993799142,-1.7678802013397217,3.5001170406359026e-05,3.337266025482677e-05,0.0002450433315375401,0.0002230885875178501,-17.5,17.5,-177.5,177.5,clear_sky,within_sample_fractions,15427,0.0313588850174216,0.06273417919330465,1006,0.06521034549815259,0.024390243902439025,0.05934455988540235,776,0.05030141958903222,0.003484320557491289,0.03253622707461954,588,0.038114993193751216,0.9407665505226481,0.8453850338466734,13057,0.846373241719064,0.0,0.0
42,sst_by_omega,sst_297.5_298,strong_subsidence,290,28198,97.23448275862069,64.5,1.0,404.0,297.77866511610205,297.7671271073191,297.7870647561961,0.10061449406196363,0.09635204133088057,0.09011799024482225,277.05025518747493,279.95553076071815,280.587858686776,-1.4826047138407312,-1.4516503810882568,-2.027968668937683,-1.709703117609024,-1.224985420703888,-1.0445055246353148,-1.5476570216232333,-1.5306439399719238,3.342578057244878e-05,3.268693762947805e-05,0.00020907121392595181,0.00018509119399823248,-17.5,17.5,-177.5,177.5,clear_sky,within_sample_fractions,28198,0.0034482758620689655,0.029021806685374133,724,0.02567557982835662,0.006896551724137931,0.03400300466636522,713,0.02528548123980424,0.006896551724137931,0.02769862141235268,711,0.02521455422370381,0.9827586206896551,0.909276567235908,26050,0.9238243847081353,0.0,0.0
43,sst_by_omega,sst_297.5_298,weak_ascent,274,16827,61.41240875912409,46.0,1.0,348.0,297.7755071595312,297.76508098077494,297.78130518781006,-0.02798825618584054,-0.02830822964221682,-0.027493080214332163,277.18629408174814,279.9678619691823,280.18949221868587,-1.561900917957299,-1.5329464077949524,-2.057171654701233,-1.7906237840652466,-1.295944094657898,-1.1157676219940185,-1.6449920021704514,-1.6505852937698364,3.4230324337283365e-05,3.343708158354275e-05,0.00022446338053224235,0.0001993211844819598,-17.5,17.5,-177.5,177.5,clear_sky,within_sample_fractions,16827,0.0072992700729927005,0.027976884233595185,313,0.018601057823735664,0.0036496350364963502,0.026902201955877534,404,0.024009033101562965,0.0072992700729927005,0.028328016730049945,386,0.022939323705948773,0.9817518248175182,0.9167928970804773,15724,0.9344505853687526,0.0,0.0
44,sst_by_omega,sst_297.5_298,weak_subsidence,286,22127,77.36713286713287,49.5,1.0,441.0,297.78248910359196,297.76823633367366,297.79064386541194,0.02981863508923187,0.02938684035579,0.029759995958448707,279.0332840861349,280.74929028888084,281.80893555221024,-1.472267931783116,-1.4745718836784363,-1.9620130062103271,-1.726059377193451,-1.2521534860134125,-1.0377086400985718,-1.551358999020153,-1.597434937953949,3.383864656246839e-05,3.3118358260253444e-05,0.00020626875949073382,0.00018908095080405474,-17.5,17.5,-177.5,177.5,clear_sky,within_sample_fractions,22127,0.0034965034965034965,0.018579366031917403,331,0.014959099742396167,0.0,0.024611231388745495,417,0.01884575405613052,0.01048951048951049,0.03188095161898168,417,0.01884575405613052,0.986013986013986,0.9249284509603555,20962,0.9473493921453428,0.0,0.0
45,sst_by_omega,sst_297_297.5,neutral,229,8696,37.97379912663755,28.0,1.0,211.0,297.2794232394823,297.2654375907702,297.28139852332237,2.3528188678072304e-05,0.000184217457643125,-1.9504188537517844e-05,278.9430714650102,281.2109490471917,281.10549123839,-1.5087121454388814,-1.4679605960845947,-2.0758530139923095,-1.766066551208496,-1.2523964643478394,-1.0405418395996093,-1.5908065378405642,-1.5993945598602295,3.315232574667626e-05,3.24802786053624e-05,0.00020551776181463932,0.00018307952268514782,-17.5,17.5,-177.5,177.5,clear_sky,within_sample_fractions,8696,0.004366812227074236,0.01489839612468921,126,0.014489420423183073,0.0,0.0176754736889079,147,0.01690432382704692,0.0,0.02701452050600723,164,0.018859245630174794,0.9956331877729258,0.9404116096803957,8259,0.9497470101195952,0.0,0.0
46,sst_by_omega,sst_297_297.5,strong_ascent,240,11795,49.145833333333336,32.5,1.0,300.0,297.28577323371127,297.2736707188949,297.2934714635213,-0.10857735062857927,-0.09383799154311417,-0.08750296972381572,273.964568786663,277.4493064880371,277.3472837130229,-1.66456143866914,-1.6582889556884766,-2.1567139625549316,-1.9331113994121552,-1.3618811666965485,-1.1817082405090333,-1.7477171161367246,-1.75250244140625,3.331879438898492e-05,3.2224277674686164e-05,0.00023864542962807414,0.00021707730775233358,-17.5,17.5,-177.5,177.5,clear_sky,within_sample_fractions,11795,0.008333333333333333,0.04260859623190812,776,0.06579058923272574,0.008333333333333333,0.04184814963861921,583,0.04942772361169987,0.016666666666666666,0.04439091643236104,427,0.03620178041543027,0.9666666666666667,0.8711523376971116,10009,0.8485799067401442,0.0,0.0
47,sst_by_omega,sst_297_297.5,strong_subsidence,250,22092,88.368,59.0,1.0,409.0,297.2811741991732,297.2700993098821,297.2887964477539,0.10213840275635949,0.09798388574787509,0.09152745720744133,276.2306950104745,279.9723440404882,279.0609279785156,-1.4825975290536881,-1.4315379858016968,-2.0386330127716064,-1.695928543806076,-1.205095112323761,-1.012784868478775,-1.5564562668800355,-1.529643714427948,3.305527445627376e-05,3.263832695665769e-05,0.00020024397574161412,0.00017866377311293036,-17.5,17.5,-177.5,177.5,clear_sky,within_sample_fractions,22092,0.02,0.03147699054302148,541,0.024488502625384753,0.008,0.030593106746145075,555,0.025122216186854972,0.008,0.03020919815291772,505,0.022858953467318487,0.964,0.9077207045579158,20491,0.9275303277204417,0.0,0.0
48,sst_by_omega,sst_297_297.5,weak_ascent,240,13029,54.2875,37.0,1.0,263.0,297.277067719584,297.26215942068603,297.28214168548584,-0.028004713244655508,-0.028202172731403755,-0.027373754372820257,277.73340722648703,280.7242146707329,279.995654519399,-1.5701869775851567,-1.5234010815620422,-2.070150113105774,-1.840822696685791,-1.2821256518363953,-1.0784067153930665,-1.6504856195300817,-1.6747727990150452,3.316822698783047e-05,3.2454836400575005e-05,0.00021323030340075395,0.0001946675984072499,-17.5,17.5,-177.5,177.5,clear_sky,within_sample_fractions,13029,0.004166666666666667,0.018993296653730108,231,0.01772967994473866,0.0125,0.029599230359048923,313,0.02402333256581472,0.004166666666666667,0.025830484861980422,279,0.021413769283905135,0.9791666666666666,0.9255769881252405,12206,0.9368332182055414,1.1102230246251565e-16,0.0
49,sst_by_omega,sst_297_297.5,weak_subsidence,242,17681,73.06198347107438,46.5,1.0,386.0,297.28422275923606,297.26659145853876,297.2924283870981,0.029894981523088865,0.029661469377902983,0.02991039354415718,278.48304982199835,281.0032673930074,280.75999611468353,-1.4842278103936801,-1.4695537686347961,-2.018047547340393,-1.7771230936050415,-1.1821534633636475,-1.0350442409515381,-1.5580605168726818,-1.5933351516723633,3.338314344779245e-05,3.2306910725310445e-05,0.0002030685749454549,0.00018325647397432476,-17.5,17.5,-177.5,177.5,clear_sky,within_sample_fractions,17681,0.0,0.014637981137947353,206,0.011650924721452406,0.01652892561983471,0.03151638323300843,313,0.017702618630167977,0.01652892561983471,0.03618908136945609,337,0.01906000791810418,0.9669421487603306,0.9176565542595881,16825,0.9515864487302754,0.0,0.0
50,sst_by_omega,sst_298.5_299,neutral,365,17968,49.227397260273975,40.0,1.0,222.0,298.77647454658603,298.7649411010742,298.78087973398704,0.00020528178128897693,0.000225778595239927,0.00032864647553601756,276.9783274790364,279.4398374815245,280.123735986997,-1.5362386477728414,-1.5147485733032227,-2.0547523975372313,-1.7588108777999878,-1.2765426635742188,-1.0780373096466063,-1.6327190315478468,-1.6529929637908936,3.571788876722902e-05,3.503461994114332e-05,0.0002332125632040528,0.00020564770966302603,-17.5,17.5,-177.5,177.5,clear_sky,within_sample_fractions,17968,0.01643835616438356,0.03248628985502466,358,0.019924309884238645,0.0136986301369863,0.0377771431849304,448,0.024933214603739984,0.00821917808219178,0.03774186069942291,457,0.025434105075690116,0.9616438356164384,0.8919947062606219,16705,0.9297083704363313,1.1102230246251565e-16,0.0
51,sst_by_omega,sst_298.5_299,strong_ascent,366,26188,71.55191256830601,56.0,1.0,343.0,298.77375327841895,298.7674752871195,298.7807924864722,-0.11267567733075984,-0.10068278348961773,-0.08743477220865872,270.66116221656324,273.5407943725586,275.5377567270414,-1.6867466262780904,-1.6980085372924805,-2.1341522932052612,-1.9284751117229462,-1.4326227009296417,-1.213602066040039,-1.7908079127470653,-1.8036754131317139,3.6012227024176585e-05,3.520883183227852e-05,0.0002658084883920618,0.0002410605811746791,-17.5,17.5,-177.5,177.5,clear_sky,within_sample_fractions,26188,0.02459016393442623,0.06756518478174381,2023,0.07724912173514586,0.01092896174863388,0.0608592517215548,1619,0.061822208645181,0.01092896174863388,0.050588156558631726,1210,0.04620436841301359,0.953551912568306,0.8209874069380698,21336,0.8147243012066595,0.0,0.0
52,sst_by_omega,sst_298.5_299,strong_subsidence,373,48525,130.09383378016085,110.0,1.0,497.0,298.7729009208832,298.76507183821525,298.779711521343,0.10091529564799598,0.09757577923054879,0.08887229553715953,276.33770222306185,278.5835761819931,280.0640655803936,-1.5123957654376372,-1.4861539602279663,-1.9633637428283692,-1.7149807214736938,-1.266677975654602,-1.0916680335998534,-1.5977886572689937,-1.5956759452819824,3.483497938157417e-05,3.4569766285130754e-05,0.00022516684959955163,0.0002056249650195241,-17.5,17.5,-177.5,177.5,clear_sky,within_sample_fractions,48525,0.0160857908847185,0.03767802431845489,1615,0.033281813498196804,0.002680965147453083,0.04128446958242512,1717,0.03538382277176713,0.0,0.035977790562861635,1471,0.03031427099433282,0.9812332439678284,0.8850597155362583,43722,0.9010200927357033,1.1102230246251565e-16,0.0
53,sst_by_omega,sst_298.5_299,weak_ascent,365,27860,76.32876712328768,67.0,1.0,323.0,298.77368427718886,298.7662830968057,298.7806434108786,-0.02826524206108122,-0.028454661501613868,-0.027543683533799157,277.11747632690043,279.2623551940918,280.5932486338158,-1.5573737025260925,-1.586706280708313,-2.006849765777588,-1.7787593603134155,-1.332504391670227,-1.1298854351043701,-1.6621474472627247,-1.7063496112823486,3.531741941726866e-05,3.470945011940785e-05,0.00023328552286404548,0.00021582012414000928,-17.5,17.5,-177.5,177.5,clear_sky,within_sample_fractions,27860,0.0027397260273972603,0.027833020885680945,644,0.023115577889447236,0.005479452054794521,0.034914577053152936,803,0.028822684852835605,0.005479452054794521,0.03556576508843492,796,0.02857142857142857,0.9863013698630136,0.9016866369727313,25617,0.9194903086862886,0.0,0.0
54,sst_by_omega,sst_298.5_299,weak_subsidence,374,36400,97.32620320855615,78.5,1.0,414.0,298.775237213757,298.76552532626874,298.78165509229035,0.029606437786053,0.0296770964075695,0.029357555890107218,277.9454063489344,279.94609642285866,281.23111633055987,-1.5529027450530923,-1.517247200012207,-1.9816844701766967,-1.7447236776351929,-1.3118663132190704,-1.140614914894104,-1.6531108179513145,-1.654663860797882,3.537424743597434e-05,3.4674421840463765e-05,0.00023200537012637852,0.00020908116130158305,-17.5,17.5,-177.5,177.5,clear_sky,within_sample_fractions,36400,0.013368983957219251,0.02619710646336147,671,0.018434065934065935,0.008021390374331552,0.03463263216277745,905,0.02486263736263736,0.0053475935828877,0.03284940108476897,901,0.024752747252747252,0.9732620320855615,0.9063208602890922,33923,0.9319505494505494,0.0,0.0
55,sst_by_omega,sst_298_298.5,neutral,316,14215,44.984177215189874,32.0,1.0,237.0,298.2791189936425,298.26562409956114,298.2840736485735,0.00016963642166739016,0.00016565677458347286,0.00023257167945418207,277.86656564017477,280.24094945734197,280.5950664085678,-1.5015976629396783,-1.5173564553260803,-2.035124659538269,-1.7158978879451752,-1.26833376288414,-1.078169584274292,-1.5941767089917689,-1.624322235584259,3.49689003835724e-05,3.395370913494844e-05,0.0002202516496806852,0.00019909672846551985,-17.5,17.5,-177.5,177.5,clear_sky,within_sample_fractions,14215,0.012658227848101266,0.02342485348130877,245,0.01723531480830109,0.0031645569620253164,0.03174037630975713,319,0.02244108336264509,0.0031645569620253164,0.029403052521393545,302,0.02124516355962012,0.9810126582278481,0.9154317176875406,13349,0.9390784382694337,0.0,0.0
56,sst_by_omega,sst_298_298.5,strong_ascent,330,20134,61.012121212121215,40.5,1.0,290.0,298.2770750377752,298.2715747915311,298.28404656612514,-0.11234036214235035,-0.09732645670505795,-0.08991304268552498,270.9877591598708,274.9029585894416,274.9770362160423,-1.6578587250953372,-1.656678855419159,-2.149255609512329,-1.9241969585418701,-1.4002260863780975,-1.1963518738746637,-1.7612116635523059,-1.7975460886955261,3.497218399802064e-05,3.404231392778456e-05,0.00025458112292901867,0.00022939413611311466,-17.5,17.5,-177.5,177.5,clear_sky,within_sample_fractions,20134,0.03939393939393939,0.07036790826542023,1454,0.07221615178305354,0.00909090909090909,0.05515454375128252,1193,0.0592530048673885,0.0030303030303030303,0.0397825542288769,826,0.041025131618158336,0.9484848484848485,0.8346949937544202,16661,0.8275057117313996,1.1102230246251565e-16,0.0
57,sst_by_omega,sst_298_298.5,strong_subsidence,337,36872,109.41246290801188,75.0,1.0,498.0,298.2791481275,298.2687255144119,298.2868797687112,0.10228249774600012,0.09753490973483114,0.09136488118957872,276.37776555058485,278.4873841114533,279.9630670745578,-1.472795186105574,-1.467625617980957,-1.9733556747436523,-1.7317785024642944,-1.2470014095306396,-1.0665101289749146,-1.5552963099555728,-1.5709009170532227,3.455635996619018e-05,3.415826358832419e-05,0.00021424472620566937,0.00019008181698154658,-17.5,17.5,-177.5,177.5,clear_sky,within_sample_fractions,36872,0.002967359050445104,0.029475811429462727,1099,0.029805814710349317,0.01483679525222552,0.04232815183368158,1139,0.030890648730744198,0.002967359050445104,0.032902518349998106,980,0.02657843349967455,0.9792284866468842,0.8952935183868577,33654,0.9127251030592319,0.0,0.0
58,sst_by_omega,sst_298_298.5,weak_ascent,329,21480,65.2887537993921,50.0,1.0,324.0,298.27945096045744,298.265125763722,298.2847136523586,-0.02842486085913328,-0.02827696237833269,-0.027849869687948094,276.4294574127496,280.2861022949219,279.4942499641952,-1.6068846739624771,-1.5955415964126587,-2.1305126667022707,-1.8269741535186768,-1.341641902923584,-1.1768272399902344,-1.7035867457241274,-1.7202110290527344,3.557413887707757e-05,3.4180186048615724e-05,0.0002429041636466915,0.00021141568140592426,-17.5,17.5,-177.5,177.5,clear_sky,within_sample_fractions,21480,0.02127659574468085,0.03556281024119591,448,0.020856610800744878,0.0060790273556231,0.0377051357928971,565,0.026303538175046555,0.00303951367781155,0.031429512630748696,504,0.02346368715083799,0.9696048632218845,0.8953025413351583,19963,0.9293761638733706,0.0,0.0
59,sst_by_omega,sst_298_298.5,weak_subsidence,336,28212,83.96428571428571,58.5,1.0,418.0,298.28156674343256,298.2709041990456,298.2894644510178,0.029694789080006254,0.029602473596296155,0.029664775892992372,278.50289608516346,280.2482167446252,281.42860221862793,-1.5067607801451923,-1.4939554929733276,-2.0412455797195435,-1.7327001988887787,-1.2506276965141296,-1.0548031330108643,-1.5944599859815622,-1.6070996522903442,3.434708365343145e-05,3.328374441480264e-05,0.00021525214023248345,0.00019162712851539254,-17.5,17.5,-177.5,177.5,clear_sky,within_sample_fractions,28212,0.002976190476190476,0.02129460207722153,447,0.015844321565291364,0.011904761904761904,0.030712083092782144,634,0.02247270664965263,0.0,0.02534894979409012,633,0.02243726074011059,0.9851190476190477,0.9226443650359063,26498,0.9392457110449454,0.0,0.0
60,sst_by_omega,sst_299.5_300,neutral,414,26755,64.6256038647343,59.0,1.0,223.0,299.76829891624163,299.7583439566872,299.7733304673347,0.00015514089571571035,0.00012507029363533924,0.0002058491366162106,274.5184460856614,276.4557841361837,278.71923439283876,-1.5906767996325009,-1.5709322094917297,-2.002721834182739,-1.815209150314331,-1.3640035688877106,-1.1859398007392883,-1.705900742523912,-1.7122707962989807,3.8781202261895445e-05,3.802954051934648e-05,0.00027574155155713707,0.00024606334045529366,-17.5,17.5,-177.5,177.5,clear_sky,within_sample_fractions,26755,0.014492753623188406,0.04492159720553176,829,0.030984862642496728,0.00966183574879227,0.04883204966258631,1050,0.039245000934404785,0.00966183574879227,0.0465369961234922,928,0.03468510558774061,0.966183574879227,0.8597093570083897,23948,0.8950850308353578,0.0,0.0
61,sst_by_omega,sst_299.5_300,strong_ascent,428,41935,97.97897196261682,90.0,1.0,453.0,299.7687481843241,299.7623897371246,299.77389850794714,-0.13466864070477255,-0.11956475870867495,-0.09343777264459668,264.4059932506567,268.0226152088404,270.36158596466635,-1.739516986795118,-1.7566613554954529,-2.1408495903015137,-1.9563519060611725,-1.5327751338481903,-1.3604990363121032,-1.8516379598980752,-1.8956440687179565,4.006649302053154e-05,3.8989541280898266e-05,0.0003197987090851856,0.0002997543051606044,-17.5,17.5,-177.5,177.5,clear_sky,within_sample_fractions,41935,0.08177570093457943,0.12127048999682052,4645,0.11076666269226183,0.004672897196261682,0.07816261056907506,3486,0.08312865148444021,0.002336448598130841,0.05737750400583144,2453,0.05849529033027304,0.9112149532710281,0.743189395428273,31351,0.747609395493025,0.0,0.0
62,sst_by_omega,sst_299.5_300,strong_subsidence,432,75409,174.55787037037038,170.0,1.0,715.0,299.76888391938627,299.75956087885675,299.7739661534627,0.10259288100669475,0.10048656021406638,0.09021656035393891,271.4843710719578,274.7234151367269,276.5605094874347,-1.584880921161837,-1.541641891002655,-2.063005542755127,-1.7872638702392578,-1.3599731028079987,-1.1649761438369746,-1.6934788842444066,-1.683885931968689,3.9363415613412076e-05,3.8537868022103794e-05,0.00028724923072331876,0.0002478716050973162,-17.5,17.5,-177.5,177.5,clear_sky,within_sample_fractions,75409,0.023148148148148147,0.060974436823283316,3644,0.04832314445225371,0.020833333333333332,0.06939306004021059,4026,0.05338885278945484,0.006944444444444444,0.050386712266357256,3321,0.04403983609383495,0.9490740740740741,0.8192457908701487,64418,0.8542481666644565,1.1102230246251565e-16,0.0
63,sst_by_omega,sst_299.5_300,weak_ascent,420,42093,100.22142857142858,93.0,1.0,344.0,299.767789102139,299.7594556322285,299.7731557210287,-0.02852580207859189,-0.02855901928345484,-0.027851477364033816,273.74636136048025,276.2921253505506,278.33129257928755,-1.6234467045404017,-1.5996896028518677,-2.083325457572937,-1.834686279296875,-1.3909705579280853,-1.255643844604492,-1.73616137815462,-1.7456010580062866,3.869418293713049e-05,3.796727651206311e-05,0.00027806798954684166,0.0002519587869755924,-17.5,17.5,-177.5,177.5,clear_sky,within_sample_fractions,42093,0.01904761904761905,0.05083092442610999,1502,0.035682892642482124,0.014285714285714285,0.05792570158760333,1890,0.04490057729313662,0.007142857142857143,0.046758971783598474,1651,0.03922267360368707,0.9595238095238096,0.8444844022026882,37050,0.8801938564606941,0.0,0.0
64,sst_by_omega,sst_299.5_300,weak_subsidence,417,54142,129.8369304556355,114.0,1.0,483.0,299.7672522601709,299.75953936336015,299.7729303007789,0.02951132111088164,0.029470140223565977,0.02927782014682353,275.1400037147813,277.53492431640626,279.77350415200067,-1.5439541153341747,-1.5209999084472656,-1.9554434061050414,-1.7738558053970337,-1.3290438652038574,-1.1519426584243775,-1.6562327999862836,-1.6565287113189697,3.853817090346886e-05,3.772843410843052e-05,0.0002602783070025855,0.0002370226866332814,-17.5,17.5,-177.5,177.5,clear_sky,within_sample_fractions,54142,0.016786570743405275,0.044726112158960524,1616,0.029847438218019284,0.0,0.04689821301481749,2070,0.038232795242141036,0.007194244604316547,0.042484310743422495,1849,0.03415093642643419,0.9760191846522782,0.8658913640827995,48607,0.8977688301134055,0.0,0.0
65,sst_by_omega,sst_299_299.5,neutral,384,22084,57.510416666666664,53.0,1.0,234.0,299.2689973237937,299.26006788526263,299.2753186225891,7.013910504066356e-05,0.00010717822508148438,5.22071108287984e-05,276.39823592242055,278.62780981445314,279.9887738426526,-1.5680595641412463,-1.5466622114181519,-2.013522434234619,-1.8077662885189056,-1.3538309335708618,-1.1553940415382384,-1.669718226340289,-1.688668429851532,3.666002856779945e-05,3.6164587072562426e-05,0.0002507574131035047,0.00022720751439919695,-17.5,17.5,-177.5,177.5,clear_sky,within_sample_fractions,22084,0.015625,0.03405505981630954,530,0.023999275493570005,0.0078125,0.03640659724330944,730,0.033055605868502085,0.005208333333333333,0.044558711228170095,693,0.03138018474913965,0.9713541666666666,0.884979631712211,20131,0.9115649338887882,0.0,0.0
66,sst_by_omega,sst_299_299.5,strong_ascent,397,33426,84.19647355163728,72.0,1.0,405.0,299.2729776423343,299.2643866740482,299.2781681858322,-0.12138634190996157,-0.106104919599874,-0.0904603881447081,268.2147852867953,272.2391335120568,273.5840757547758,-1.7167018881672875,-1.7304399013519287,-2.1691038608551025,-1.9339669942855835,-1.495816707611084,-1.3023175477981566,-1.8213283323333305,-1.8392680883407593,3.820395781424733e-05,3.6481906136032194e-05,0.00029181642967343136,0.00026670776423998177,-17.5,17.5,-177.5,177.5,clear_sky,within_sample_fractions,33426,0.05037783375314862,0.09428560691053482,2959,0.08852390354813618,0.012594458438287154,0.06613558909626341,2325,0.06955663256147909,0.0,0.04641347702758821,1679,0.050230359600311136,0.9370277078085643,0.7931653269656136,26463,0.7916891042900736,0.0,0.0
67,sst_by_omega,sst_299_299.5,strong_subsidence,403,60777,150.81141439205956,140.0,1.0,535.0,299.27417723798567,299.25926717122394,299.28090101672757,0.10175955833446165,0.09948870576378228,0.08933482301553189,273.3062226698909,276.3212954872533,277.5953930648917,-1.558931594746876,-1.5357996225357056,-2.009818506240845,-1.779944121837616,-1.3211039900779724,-1.1367998123168945,-1.6591102341120652,-1.6537818908691406,3.706447167417223e-05,3.610100975492969e-05,0.0002544596272381485,0.00022624555276706815,-17.5,17.5,-177.5,177.5,clear_sky,within_sample_fractions,60777,0.03225806451612903,0.059912053090393005,2266,0.03728384092666634,0.0024813895781637717,0.04758666001044089,2532,0.041660496569425935,0.004962779156327543,0.04210591717503022,2224,0.036592790035704294,0.9602977667493796,0.8503953697241359,53755,0.8844628724682034,0.0,0.0
68,sst_by_omega,sst_299_299.5,weak_ascent,396,34218,86.4090909090909,78.0,1.0,332.0,299.27127246842775,299.2607313276778,299.27571868896484,-0.028654648251952516,-0.028457755321185475,-0.02799683343501517,275.86132711247996,278.0718541375522,279.44861159661804,-1.5708685045629138,-1.5836268067359924,-2.0322797298431396,-1.7953005731105804,-1.3570431470870972,-1.1733582019805908,-1.687882538941322,-1.7190536260604858,3.7279289803006e-05,3.5946713978773914e-05,0.00025286389094011,0.0002303004657733254,-17.5,17.5,-177.5,177.5,clear_sky,within_sample_fractions,34218,0.012626262626262626,0.03796541924592822,859,0.025103746566134785,0.015151515151515152,0.04991975403803058,1285,0.03755333450230872,0.0,0.03160299313897692,1044,0.03051025775907417,0.9722222222222222,0.8805118335770644,31030,0.9068326611724823,0.0,0.0
69,sst_by_omega,sst_299_299.5,weak_subsidence,397,44670,112.51889168765743,99.0,1.0,450.0,299.27145826292644,299.2614823638416,299.27722729123207,0.02982904588232101,0.029631012201386413,0.02975458901971391,276.6201735747894,278.80589075582435,280.4146544218664,-1.53324391664726,-1.506427526473999,-2.0035287857055666,-1.7672260999679565,-1.2969599962234497,-1.145416736602783,-1.6355153983576172,-1.630520224571228,3.7193813773629524e-05,3.631659274105914e-05,0.0002432110548315286,0.00022068643011152744,-17.5,17.5,-177.5,177.5,clear_sky,within_sample_fractions,44670,0.007556675062972292,0.03178188474487651,968,0.021670024625027984,0.0025188916876574307,0.0397699133481728,1382,0.030937989702261026,0.007556675062972292,0.03901787090366365,1306,0.029236624132527422,0.982367758186398,0.889430331003287,41014,0.9181553615401836,1.1102230246251565e-16,0.0
70,sst_by_omega,sst_300.5_301,neutral,458,34173,74.61353711790393,70.0,1.0,271.0,300.7573072039694,300.75606337950853,300.75947024416195,7.546479573393009e-05,0.00013948993107144972,0.0001600699239500353,268.02640071079543,270.54686826296063,273.74782045855795,-1.696342841506525,-1.6912198662757874,-2.093152904510498,-1.8839899599552155,-1.4832524359226227,-1.3062588691711425,-1.8253058015519354,-1.8593374490737915,4.306703547777887e-05,4.2230562030454166e-05,0.00033182993607767643,0.0003111227852059528,-17.5,17.5,-177.5,177.5,clear_sky,within_sample_fractions,34173,0.04148471615720524,0.08778578070998178,2413,0.07061130131975536,0.006550218340611353,0.07366226311682049,2359,0.06903110642905218,0.002183406113537118,0.05195241617947122,1820,0.05325842039036666,0.9497816593886463,0.7865995399937266,27581,0.8070991718608258,0.0,0.0
71,sst_by_omega,sst_300.5_301,strong_ascent,467,68451,146.57601713062098,126.0,1.0,608.0,300.7623138637083,300.75946446468953,300.7667767935187,-0.18403955655324739,-0.15999675061553717,-0.11503512294647908,251.57707897710378,253.71075397456457,258.40015102607026,-1.8635572595820948,-1.88926362991333,-2.2006473541259766,-2.0730026960372925,-1.7022213339805603,-1.4902817249298095,-1.9854609615925292,-2.0214953422546387,4.670111140836034e-05,4.6574987209169194e-05,0.0004190384761873549,0.00041649065678939223,-17.5,17.5,-177.5,177.5,clear_sky,within_sample_fractions,68451,0.1734475374732334,0.22304735490721816,15906,0.23237060086777403,0.004282655246252677,0.10845260254725134,8386,0.12251099326525544,0.0,0.06560872655961121,5075,0.07414062614132737,0.8222698072805139,0.6028913159859193,39084,0.5709777797256431,0.0,0.0
72,sst_by_omega,sst_300.5_301,strong_subsidence,466,104905,225.11802575107296,212.0,1.0,831.0,300.75755784963724,300.7545015056163,300.7600635970611,0.10631632946644368,0.10433816479160574,0.09176176164475122,263.2421226346959,266.68746025477475,270.3877684138875,-1.6992564968157224,-1.696089744567871,-2.0884581804275513,-1.9088404774665833,-1.5132410824298859,-1.329150378704071,-1.8233077533127413,-1.832469880580902,4.4220553234309736e-05,4.3852312956005335e-05,0.0003483593749666405,0.00032828247640281916,-17.5,17.5,-177.5,177.5,clear_sky,within_sample_fractions,104905,0.05150214592274678,0.12131100367209983,11388,0.1085553596110767,0.002145922746781116,0.08474428044289473,8929,0.08511510414184262,0.002145922746781116,0.06320994236475527,6453,0.06151279729278871,0.944206008583691,0.7307347735202501,78135,0.744816738954292,1.1102230246251565e-16,0.0
73,sst_by_omega,sst_300.5_301,weak_ascent,461,52974,114.91106290672451,108.0,1.0,358.0,300.75622076219827,300.75339535304477,300.7575023262206,-0.0286855943083692,-0.028534661972015683,-0.028125146119057358,266.1460072584634,269.1115268908049,272.49299522284053,-1.7439913251911998,-1.7428406476974487,-2.092341899871826,-1.9283032417297363,-1.5475066900253296,-1.3756965398788452,-1.8620654990545065,-1.8794474601745605,4.330898472745579e-05,4.322185486671515e-05,0.00034804225194979047,0.0003263747785240412,-17.5,17.5,-177.5,177.5,clear_sky,within_sample_fractions,52974,0.039045553145336226,0.09524243455209658,4243,0.08009589609997357,0.004338394793926247,0.08121876931219986,4086,0.07713217804960924,0.0021691973969631237,0.061016078580500795,3050,0.0575754143542115,0.9544468546637744,0.7625227175552027,41595,0.7851965114962057,0.0,0.0
74,sst_by_omega,sst_300.5_301,weak_subsidence,461,68077,147.67245119305858,141.0,1.0,536.0,300.75413008953353,300.75315972936085,300.7561347944876,0.029660188881163115,0.029572089500207868,0.029467276137912092,267.9301438499766,270.98223266601565,274.36290830334974,-1.68378312611011,-1.6674445867538452,-2.047304391860962,-1.8857762813568115,-1.4700323343276978,-1.3182116746902466,-1.8132933829456503,-1.8291230201721191,4.305361339991227e-05,4.2722549551399425e-05,0.0003309172504670401,0.00030663973302580416,-17.5,17.5,-177.5,177.5,clear_sky,within_sample_fractions,68077,0.028199566160520606,0.0889136367660087,4754,0.06983268945458819,0.0021691973969631237,0.07171674829325765,4626,0.06795246559043436,0.004338394793926247,0.05560486302398278,3572,0.052469997209042704,0.96529284164859,0.7837647519167509,55125,0.8097448477459348,0.0,0.0
75,sst_by_omega,sst_300_300.5,neutral,438,30962,70.68949771689498,70.0,1.0,251.0,300.26142203921665,300.2573268876408,300.2631655131301,0.00012148581345892466,0.00014413887571002905,0.00016853342002444205,271.72404182616054,274.3123389254795,276.7818528440989,-1.6470045247646772,-1.61812025308609,-2.0972315788269045,-1.8511456847190857,-1.4209677875041962,-1.2165443897247314,-1.7623558738800489,-1.773127794265747,4.075006829856706e-05,4.0219932998297736e-05,0.0003034397357324663,0.0002779621281661093,-17.5,17.5,-177.5,177.5,clear_sky,within_sample_fractions,30962,0.0182648401826484,0.056597213622473455,1417,0.04576577740456043,0.01598173515981735,0.06825491842548696,1683,0.054356953685162454,0.0091324200913242,0.05296908071306796,1349,0.043569536851624575,0.95662100456621,0.8221787872389715,26513,0.8563077320586525,1.1102230246251565e-16,0.0
76,sst_by_omega,sst_300_300.5,strong_ascent,451,54029,119.79822616407982,111.0,1.0,494.0,300.2671429576767,300.2602105909778,300.2714036827341,-0.14823713070815586,-0.13335982547511185,-0.09544094806813744,259.6727600042349,262.03466142926897,266.51930822131374,-1.8008933169085806,-1.8051649332046509,-2.1515512466430664,-1.9986541271209717,-1.6078906059265137,-1.4355043172836304,-1.9115669908386113,-1.9342103004455566,4.280588097295759e-05,4.231084312777966e-05,0.00036315161810257057,0.00035224828752689064,-17.5,17.5,-177.5,177.5,clear_sky,within_sample_fractions,54029,0.07760532150776053,0.1492268036597791,8403,0.15552758703659145,0.015521064301552107,0.10048566726256923,5522,0.10220437172629514,0.0022172949002217295,0.06539282999894226,3709,0.06864831849562272,0.9046563192904656,0.6848946990787094,36395,0.6736197227414907,0.0,0.0
77,sst_by_omega,sst_300_300.5,strong_subsidence,453,90612,200.02649006622516,193.0,1.0,626.0,300.26197993425984,300.2567827889089,300.2653357903689,0.10337573528477945,0.10154525336023565,0.08983032425935432,268.1509020929185,271.2102802235593,274.10456307518564,-1.628184504790548,-1.6113495826721191,-2.063866376876831,-1.848363995552063,-1.3971017599105835,-1.2179992198944092,-1.7422077223559878,-1.746472716331482,4.1590621280369544e-05,4.093199095223099e-05,0.0003106375141206781,0.0002836132771335542,-17.5,17.5,-177.5,177.5,clear_sky,within_sample_fractions,90612,0.05518763796909492,0.08815552709248486,6417,0.07081843464441796,0.006622516556291391,0.07188537689313465,6125,0.06759590341235157,0.004415011037527594,0.05602366726797146,4769,0.052630998101796674,0.9337748344370861,0.7839354287464091,73301,0.8089546638414338,0.0,0.0
78,sst_by_omega,sst_300_300.5,weak_ascent,449,48836,108.76614699331849,104.0,1.0,373.0,300.26454747948844,300.2570123053216,300.26732919263947,-0.02855636966750696,-0.028456207015551627,-0.027933128310869425,270.35152170836767,273.17342051630436,275.68803184866107,-1.6675003111229707,-1.6384212970733643,-2.108674430847168,-1.8965930938720703,-1.4473408460617065,-1.2731419801712036,-1.7839775403384908,-1.7975099086761475,4.086585108769999e-05,4.007960524177179e-05,0.0003113606272383351,0.000282761495327577,-17.5,17.5,-177.5,177.5,clear_sky,within_sample_fractions,48836,0.026726057906458798,0.06561446867237875,2574,0.05270701941190925,0.008908685968819599,0.07254250208953102,2930,0.05999672372839709,0.013363028953229399,0.05792775494052369,2263,0.0463387664837415,0.9510022271714922,0.8039152742975666,41069,0.8409574903759521,0.0,0.0
79,sst_by_omega,sst_300_300.5,weak_subsidence,453,63022,139.121412803532,137.0,1.0,485.0,300.26341881556,300.2547418930951,300.2660700311724,0.0295753556423823,0.02952348552149745,0.029435498957577723,272.0933644869611,274.9905811556809,277.3603128092178,-1.6144034826992364,-1.5807743072509766,-2.038823366165161,-1.8193668127059937,-1.3958029747009277,-1.2110185623168945,-1.7253465666281467,-1.7341660261154175,4.0503802260067354e-05,3.997661769972183e-05,0.00029395735413783073,0.0002647256769705564,-17.5,17.5,-177.5,177.5,clear_sky,within_sample_fractions,63022,0.024282560706401765,0.06294122593724508,2836,0.0450001586747485,0.002207505518763797,0.05469815156269788,3229,0.051236076290819076,0.006622516556291391,0.0493750861950233,2723,0.043207134016692586,0.9668874172185431,0.8329855363050338,54234,0.8605566310177398,0.0,0.0
80,sst_by_omega,sst_301.5_302,neutral,448,35940,80.22321428571429,76.5,1.0,256.0,301.7428318390162,301.7458247037632,301.739550113678,0.000168466349798475,0.00021317264214150753,0.00026744209549178777,257.9050164332346,258.6763837033817,265.3706303834915,-1.8211200348367649,-1.8390256762504578,-2.1558672428131103,-2.0105371475219727,-1.655409336090088,-1.4686238288879394,-1.9301390540786088,-1.9565754532814026,4.8109520357846645e-05,4.811087637790479e-05,0.00041717174692783895,0.00041048243292607367,-17.5,17.5,-177.5,177.5,clear_sky,within_sample_fractions,35940,0.046875,0.15743496755631048,5778,0.16076794657762938,0.004464285714285714,0.10184221647913652,3741,0.10409015025041736,0.004464285714285714,0.06966280611976897,2533,0.07047857540345019,0.9441964285714286,0.6710600098447842,23888,0.664663327768503,0.0,0.0
81,sst_by_omega,sst_301.5_302,strong_ascent,453,103775,229.08388520971303,208.0,1.0,804.0,301.74524375015864,301.7502197265625,301.7458346537407,-0.2243937237577751,-0.21899654387750409,-0.12823534223598493,237.37139249217645,235.61340971554026,242.83859707661813,-2.0082802453446336,-2.0501041412353516,-2.2536553382873534,-2.1702051162719727,-1.8976320028305054,-1.7285207748413085,-2.1049823137966475,-2.14192271232605,5.375109306243264e-05,5.432800389826298e-05,0.0005415556519333413,0.0005520500708371401,-17.5,17.5,-177.5,177.5,clear_sky,within_sample_fractions,103775,0.41501103752759383,0.3366820500411109,41258,0.3975716694772344,0.011037527593818985,0.13603166896423688,14768,0.14230787761985064,0.0,0.07224154698320641,7634,0.07356299686822453,0.5739514348785872,0.4550447340114459,40115,0.38655745603469044,0.0,0.0
82,sst_by_omega,sst_301.5_302,strong_subsidence,457,123531,270.308533916849,265.0,1.0,792.0,301.74268029225914,301.7475485392347,301.74058315686113,0.11269201967332919,0.11174224601686,0.09568126906418696,252.38022159018317,252.44242221897423,259.74470409835715,-1.8581071576873895,-1.8670740127563477,-2.193731927871704,-2.031106472015381,-1.7035536766052246,-1.509975552558899,-1.9760811024995548,-1.9896608591079712,4.989315162173241e-05,5.021993274567649e-05,0.0004489089301934428,0.00045004626736044884,-17.5,17.5,-177.5,177.5,clear_sky,within_sample_fractions,123531,0.10722100656455143,0.20061208370275435,27069,0.2191271826505088,0.002188183807439825,0.11192378492047869,14816,0.11993750556540464,0.0,0.07276958175262692,9200,0.07447523293748128,0.8905908096280087,0.61469454962414,72446,0.5864600788466053,0.0,0.0
83,sst_by_omega,sst_301.5_302,weak_ascent,450,58266,129.48,122.0,1.0,393.0,301.7427137626259,301.74749627035646,301.7416952514648,-0.028626794558030615,-0.028652917382760525,-0.028036753979201117,256.28218730900755,255.70026860617696,263.36054007636176,-1.8615562971433004,-1.8831618428230286,-2.1797554016113283,-2.0531060099601746,-1.7260075211524963,-1.5283331990242004,-1.9646888793756565,-1.9835997223854065,4.859101552736118e-05,4.853218524658587e-05,0.000433167589144432,0.00043383261072449386,-17.5,17.5,-177.5,177.5,clear_sky,within_sample_fractions,58266,0.06888888888888889,0.16891060936500132,10205,0.1751450245426149,0.008888888888888889,0.10962798653077989,6443,0.11057906841039371,0.0044444444444444444,0.07070996712184785,4189,0.07189441526790924,0.9177777777777778,0.6507514369823709,37429,0.6423814917790821,0.0,0.0
84,sst_by_omega,sst_301.5_302,weak_subsidence,454,73199,161.23127753303964,151.0,1.0,480.0,301.74105075626085,301.74659853815785,301.7389816082522,0.029720471741679296,0.029789754382529197,0.029632802131598086,259.15307297200906,260.4853545461299,266.60319203112095,-1.8112866917895851,-1.8434100151062012,-2.1339417695999146,-1.9816193878650665,-1.6691385507583618,-1.4975749731063843,-1.9291457054636028,-1.9591628313064575,4.7723189713365436e-05,4.787325997313019e-05,0.0004122414155679884,0.0004014195001218468,-17.5,17.5,-177.5,177.5,clear_sky,within_sample_fractions,73199,0.05066079295154185,0.14645922943783285,11217,0.15323979835790105,0.0022026431718061676,0.09971866646063154,7527,0.10282927362395661,0.0022026431718061676,0.06731528964265827,5097,0.06963209879916392,0.9449339207048458,0.6865068144588773,49358,0.6742988292189784,0.0,0.0
85,sst_by_omega,sst_301_301.5,neutral,456,35571,78.00657894736842,72.0,1.0,291.0,301.25002613154965,301.24846030745823,301.2493119156151,0.00012590714566576062,0.00012260470822506833,0.00027308705657041923,262.80387052253866,264.56284495874377,269.6973919952125,-1.758174443584785,-1.7575626969337463,-2.1338008642196655,-1.9349939227104187,-1.5755028128623962,-1.380911111831665,-1.8733043418380253,-1.9021846055984497,4.555993754557245e-05,4.5276794480741955e-05,0.0003752869731470766,0.00035898452915716916,-17.5,17.5,-177.5,177.5,clear_sky,within_sample_fractions,35571,0.041666666666666664,0.11842728319848558,3902,0.10969610075623401,0.008771929824561403,0.09167598516883957,3142,0.08833038149054005,0.0,0.059566320757544415,2256,0.06342245087290209,0.9495614035087719,0.7303304108751304,26271,0.7385510668803239,0.0,0.0
86,sst_by_omega,sst_301_301.5,strong_ascent,463,86419,186.6501079913607,169.0,1.0,691.0,301.25662180419386,301.2579026153122,301.2600176092358,-0.20303205704233604,-0.19545177784230974,-0.11570916733992151,243.62979938723439,242.94905788142506,249.65691519092536,-1.9511822051414918,-1.9802414178848267,-2.213250017166138,-2.1116831302642822,-1.7964423894882202,-1.6171937227249145,-2.062379687960153,-2.0980043411254883,5.043584382170676e-05,5.075699300505221e-05,0.00048466333067803956,0.00048813835019245744,-17.5,17.5,-177.5,177.5,clear_sky,within_sample_fractions,86419,0.2980561555075594,0.28798125434492666,27061,0.3131371573380854,0.0021598272138228943,0.12216518602898756,11646,0.13476203149770305,0.0,0.06671476711336308,6369,0.07369907080618845,0.6997840172786177,0.5231387925127227,41343,0.47840174035802313,0.0,0.0
87,sst_by_omega,sst_301_301.5,strong_subsidence,463,116138,250.83801295896328,244.0,1.0,896.0,301.25300218620623,301.25290447732675,301.2548372668272,0.10870596595024147,0.1077163801907398,0.09271690905592998,257.7664304381202,258.30095094045004,265.27766055937207,-1.7740731647411123,-1.7830733060836792,-2.124279594421387,-1.9606910347938538,-1.5987743139266968,-1.3997390747070313,-1.9026183018674088,-1.9225265979766846,4.7232432854570524e-05,4.71729836135637e-05,0.00039593033158719706,0.0003899895236827433,-17.5,17.5,-177.5,177.5,clear_sky,within_sample_fractions,116138,0.058315334773218146,0.1590573385121095,18311,0.15766588024591435,0.004319654427645789,0.10258519236657938,12176,0.10484079284988548,0.0021598272138228943,0.07031310169540742,8188,0.07050233343091838,0.9352051835853131,0.6680443674259038,77463,0.6669909934732818,0.0,0.0
88,sst_by_omega,sst_301_301.5,weak_ascent,461,56719,123.03470715835141,116.0,1.0,453.0,301.2512880250716,301.25137874472733,301.2539998879919,-0.02864866600258795,-0.028634342842367516,-0.02788912427637912,261.26216065225856,262.9803288777669,268.0938133686587,-1.800314674408472,-1.8083723783493042,-2.1374900341033936,-1.9839907884597778,-1.6200244426727295,-1.450077772140503,-1.92599968602497,-1.945670485496521,4.5833146105233306e-05,4.562785034067929e-05,0.00038828687009422074,0.0003789589100051671,-17.5,17.5,-177.5,177.5,clear_sky,within_sample_fractions,56719,0.05856832971800434,0.13592962996881033,7005,0.12350358786297361,0.0021691973969631237,0.09255450681875821,5322,0.0938309913785504,0.0,0.06335820414622147,3688,0.0650223029319981,0.9392624728850325,0.7081576590662101,40704,0.7176431178264779,0.0,0.0
89,sst_by_omega,sst_301_301.5,weak_subsidence,460,71568,155.58260869565217,149.0,1.0,584.0,301.25045997232473,301.25007581403713,301.2516142140264,0.029734981728479097,0.02967591724054633,0.029597314884481224,263.7854960766722,264.8763651217789,270.798051071167,-1.7357187295089598,-1.7551381587982178,-2.0743685245513914,-1.9350561201572418,-1.558933436870575,-1.3577267646789548,-1.8556341580722644,-1.870169222354889,4.538355885771402e-05,4.5063867219141684e-05,0.0003677962421810978,0.00035536367795430124,-17.5,17.5,-177.5,177.5,clear_sky,within_sample_fractions,71568,0.041304347826086954,0.11627072484229667,7584,0.10596914822266935,0.0,0.08437148790460698,6011,0.08399005141962888,0.0,0.06266159793435166,4402,0.061507936507936505,0.9586956521739131,0.7366961893187447,53571,0.7485328638497653,0.0,0.0
90,sst_by_omega,sst_302.5_303,neutral,392,24953,63.65561224489796,45.5,1.0,230.0,302.7129170392499,302.7233625012775,302.7032469924615,0.00011948616450532337,7.408153768467432e-05,0.00015802411992087067,252.92146422853426,252.4155324150534,259.0315663473947,-1.95361838238884,-1.9715445041656494,-2.291169548034668,-2.1196893453598022,-1.812885195016861,-1.604561102390289,-2.0205879724603526,-2.0442256927490234,5.257605127498005e-05,5.230390524957329e-05,0.0004912048330619914,0.0004892766592092812,-17.5,17.5,-177.5,177.5,clear_sky,within_sample_fractions,24953,0.1096938775510204,0.1835736856301711,5674,0.22738748847833928,0.02806122448979592,0.11950852162086498,3361,0.1346932232597283,0.007653061224489796,0.07441099913745722,2021,0.08099226545906305,0.8545918367346939,0.6225067936115067,13897,0.5569270228028694,0.0,0.0
91,sst_by_omega,sst_302.5_303,strong_ascent,405,96149,237.40493827160495,135.0,1.0,1258.0,302.70872594057295,302.7214906423684,302.6982310730734,-0.24014092900523215,-0.2407024704188191,-0.14326191592363663,231.49637734803952,229.11553878784179,235.80786021668234,-2.0776401031164475,-2.1244637966156006,-2.28757791519165,-2.2182681560516357,-1.992753505706787,-1.82125449180603,-2.137167535317533,-2.1816725730895996,5.871981537231118e-05,5.918746319366619e-05,0.0006125192996410921,0.0006290616584010422,-17.5,17.5,-177.5,177.5,deep_convective,within_sample_fractions,96149,0.5530864197530864,0.3860017905925223,46315,0.48170027769399576,0.009876543209876543,0.1368619491147466,14724,0.15313731812083328,0.0049382716049382715,0.076679739800122,7227,0.07516458829525008,0.43209876543209874,0.4004565204926091,27883,0.28999781588992085,0.0,0.0
92,sst_by_omega,sst_302.5_303,strong_subsidence,415,100028,241.03132530120482,143.0,1.0,1020.0,302.7097833235074,302.7197113587968,302.6991879750447,0.11840110086442035,0.11716485763267136,0.10082245555717544,247.31291648695762,245.72776107788087,254.2483787077019,-1.9432499298130173,-1.9875543117523193,-2.2270647525787353,-2.101791262626648,-1.834272563457489,-1.6690559387207031,-2.0193861497453898,-2.0603675842285156,5.4119492774753526e-05,5.4510051995748654e-05,0.0005092390073853944,0.0005090277409180999,-17.5,17.5,-177.5,177.5,clear_sky,within_sample_fractions,100028,0.15903614457831325,0.23058309044388092,29375,0.2936677730235534,0.0024096385542168677,0.1270875572641367,14907,0.14902827208381653,0.004819277108433735,0.07960901159734987,8428,0.0842564082057024,0.8337349397590361,0.5627203406946325,47318,0.47304754668692767,0.0,0.0
93,sst_by_omega,sst_302.5_303,weak_ascent,400,41449,103.6225,70.0,1.0,409.0,302.7102980852624,302.7228749896435,302.700126914978,-0.028758123776738583,-0.02896898242633404,-0.028283044482814147,251.0915985667699,249.48664983335908,257.8443945503235,-1.9680453030765057,-1.9823352098464966,-2.2692354917526245,-2.1444369554519653,-1.8317347764968872,-1.637473475933075,-2.0342122193053367,-2.0616555213928223,5.2724870197380366e-05,5.3111138186068274e-05,0.0004997077226471447,0.0005008290754631162,-17.5,17.5,-177.5,177.5,clear_sky,within_sample_fractions,41449,0.13,0.19751018206972712,10255,0.24741248281020048,0.02,0.12525870979587725,5608,0.13529880093609015,0.0125,0.07931493441122936,3380,0.08154599628459071,0.8375,0.5979161737231662,22206,0.5357427199691187,1.1102230246251565e-16,0.0
94,sst_by_omega,sst_302.5_303,weak_subsidence,407,50855,124.95085995085995,89.0,1.0,457.0,302.7068644439755,302.7208231437106,302.69635388423535,0.029970842648840344,0.029781708493828773,0.030027381221120787,252.68953689898865,252.38480050223214,259.20151009899394,-1.9460350976346166,-1.9629710912704468,-2.23952579498291,-2.1053547859191895,-1.8105850219726562,-1.6614205837249754,-2.020715523996283,-2.032639741897583,5.257083031999466e-05,5.327361941454001e-05,0.0004931240767155143,0.0004917782498523593,-17.5,17.5,-177.5,177.5,clear_sky,within_sample_fractions,50855,0.09090909090909091,0.18826468959745712,11451,0.22516959984269,0.012285012285012284,0.11412021604153243,6674,0.13123586667977583,0.007371007371007371,0.07491662750265303,4207,0.08272539573296628,0.8894348894348895,0.6226984668583574,28523,0.5608691377445679,0.0,0.0
95,sst_by_omega,sst_302_302.5,neutral,426,32393,76.03990610328638,65.0,1.0,266.0,302.2301255012758,302.2364672442842,302.2232217206641,-1.7610795118596214e-05,0.0001245062908521892,-6.399161802984959e-05,253.99768390692157,254.56673433659952,261.22324385665394,-1.9107424638675692,-1.9285764694213867,-2.212562918663025,-2.068825900554657,-1.7601315677165985,-1.6283501386642456,-1.9958346309621289,-2.02614688873291,5.035785727987603e-05,5.051876178185921e-05,0.0004628291245297957,0.0004558765795081854,-17.5,17.5,-177.5,177.5,clear_sky,within_sample_fractions,32393,0.08215962441314555,0.17832475714747853,6492,0.2004136696199796,0.004694835680751174,0.10921948706847265,3817,0.11783409995986788,0.007042253521126761,0.07811433011835543,2533,0.07819590652301422,0.9061032863849765,0.6343414256656935,19551,0.6035563238971383,0.0,0.0
96,sst_by_omega,sst_302_302.5,strong_ascent,437,110933,253.8512585812357,218.0,1.0,944.0,302.23197661120446,302.2380063011533,302.22700888068505,-0.2315297374401187,-0.23680914974132716,-0.13270989889854426,233.16839695462747,230.13074493408203,237.6548396968187,-2.049107615680389,-2.094545364379883,-2.2610122203826903,-2.1829845905303955,-1.9573146104812622,-1.8382376909255982,-2.1309431382120336,-2.1759252548217773,5.6609016660258845e-05,5.717085878131911e-05,0.000579644427530881,0.000595082703512162,-17.5,17.5,-177.5,177.5,deep_convective,within_sample_fractions,110933,0.505720823798627,0.3702181343666152,50578,0.45593286037518144,0.011441647597254004,0.1412731508431767,16180,0.14585380364724654,0.002288329519450801,0.0717836684921023,8028,0.0723680059134793,0.4805491990846682,0.4167250462981058,36147,0.3258453300640927,0.0,0.0
97,sst_by_omega,sst_302_302.5,strong_subsidence,438,120852,275.9178082191781,238.0,1.0,910.0,302.22860793964554,302.2348479500654,302.22206676605083,0.11521079062454878,0.1142032616838374,0.0979880644816514,248.73556295145207,247.87640574359324,255.95355578209168,-1.9101593448146839,-1.9434702396392822,-2.1938273429870607,-2.076684832572937,-1.7873455286026,-1.613069772720337,-2.002900944861103,-2.0368845462799072,5.2228667366816224e-05,5.235235039435793e-05,0.0004838566189836078,0.00048754739691503346,-17.5,17.5,-177.5,177.5,clear_sky,within_sample_fractions,120852,0.1415525114155251,0.22702949609372433,32435,0.26838612517790356,0.0,0.11807698641748397,16238,0.1343626915566147,0.00228310502283105,0.07552431185844685,9628,0.07966769271505643,0.8561643835616438,0.5793692056303449,62551,0.5175834905504253,0.0,0.0
98,sst_by_omega,sst_302_302.5,weak_ascent,435,53702,123.45287356321839,107.0,1.0,463.0,302.2282301831561,302.2356948852539,302.2234383418642,-0.02868646155375762,-0.02873373183308903,-0.028154406017870053,252.27613970104707,252.00141849374413,259.0403499559424,-1.9307631091824893,-1.9439184665679932,-2.226394033432007,-2.0847312211990356,-1.7876787185668945,-1.6414332628250121,-2.0184022706815568,-2.035144329071045,5.1308699821465884e-05,5.123176742927171e-05,0.00047504253670086166,0.0004637023666873574,-17.5,17.5,-177.5,177.5,clear_sky,within_sample_fractions,53702,0.10114942528735632,0.19250796885191745,11666,0.21723585713753676,0.013793103448275862,0.12349353515553978,6935,0.12913857956873115,0.009195402298850575,0.08067826570070273,4211,0.0784142117612007,0.8758620689655172,0.6033202302918399,30890,0.5752113515325313,1.1102230246251565e-16,0.0
99,sst_by_omega,sst_302_302.5,weak_subsidence,436,66335,152.14449541284404,126.0,1.0,558.0,302.2278699491459,302.23564873750877,302.22303243514597,0.029760540091750647,0.029743382546162052,0.02970594395733857,254.35719106980386,254.22137911700713,261.95524387184633,-1.8962738372453856,-1.9131817817687988,-2.18012797832489,-2.0607672929763794,-1.7312525510787964,-1.592017412185669,-1.9821031474328916,-2.0080089569091797,5.041130464491322e-05,5.024812344345264e-05,0.00045683224581824424,0.00044714320392813534,-17.5,17.5,-177.5,177.5,clear_sky,within_sample_fractions,66335,0.07339449541284404,0.17488893702243583,12965,0.1954473505690812,0.006880733944954129,0.11439641516852891,8090,0.12195673475540815,0.0022935779816513763,0.07512246176646682,5097,0.07683726539534183,0.9174311926605505,0.6355921860425685,40183,0.6057586492801689,0.0,0.0
100,sst_by_omega,sst_303.5_304,neutral,260,4189,16.111538461538462,11.0,1.0,91.0,303.6663408542391,303.66828664143884,303.65163362943207,0.0003966714483780872,0.0002987303586194638,0.00046110890403689645,255.56905852086948,254.35173797607422,260.48746467003457,-1.9583069503307342,-2.0002588629722595,-2.382287931442261,-2.1983590126037598,-1.777376264333725,-1.4540722846984864,-2.0029914220938316,-2.0342798233032227,5.597244773105978e-05,5.624484401778318e-05,0.0005271655449737759,0.0005104216688778251,-17.5,17.5,-177.5,177.5,clear_sky,within_sample_fractions,4189,0.1,0.147720760653967,698,0.16662687992360944,0.046153846153846156,0.11998598154502635,527,0.12580568154690858,0.038461538461538464,0.0889034780774841,351,0.08379088087849129,0.8153846153846154,0.6433897797235225,2613,0.6237765576509907,0.0,0.0
101,sst_by_omega,sst_303.5_304,strong_ascent,281,14388,51.20284697508897,33.0,1.0,291.0,303.66656231483046,303.6689285118821,303.64587679282624,-0.21883901358686786,-0.22045595463105414,-0.1440953471601752,238.77651654068634,234.84070703125,243.53306150606093,-2.0394334342609097,-2.109025001525879,-2.3416261672973633,-2.2437832355499268,-1.9143937826156616,-1.6577192544937134,-2.0770319739747727,-2.145498514175415,6.10931320253675e-05,6.197940092533827e-05,0.0006224512705567282,0.0006522005423903465,-17.5,17.5,-177.5,177.5,clear_sky,within_sample_fractions,14388,0.4092526690391459,0.3088918882367715,5628,0.39115929941618016,0.0498220640569395,0.15016101741030255,2117,0.1471365026410898,0.0035587188612099642,0.06605637740047236,1172,0.08145676953016402,0.5373665480427047,0.47489071695245355,5471,0.38024742841256604,1.1102230246251565e-16,0.0
102,sst_by_omega,sst_303.5_304,strong_subsidence,285,16441,57.68771929824561,36.0,1.0,337.0,303.6693054969651,303.673583984375,303.65030030367666,0.11505937680232296,0.11375705796209248,0.1017888036344135,251.70453369409998,250.6737417447365,258.1902388990971,-1.9195875979306405,-1.9972819089889526,-2.242427396774292,-2.1427080631256104,-1.763594150543213,-1.523712682723999,-1.9777584244807562,-2.0349812507629395,5.740649119839522e-05,5.7775028835749254e-05,0.0005369576116177006,0.0005486948066391051,-17.5,17.5,-177.5,177.5,clear_sky,within_sample_fractions,16441,0.10526315789473684,0.187228148535864,3656,0.22237090201325954,0.031578947368421054,0.12001070943432743,2168,0.13186545830545587,0.010526315789473684,0.07752975077688869,1368,0.08320661760233562,0.8526315789473684,0.6152313912529199,9249,0.562557022078949,0.0,0.0
103,sst_by_omega,sst_303.5_304,weak_ascent,264,6883,26.071969696969695,17.0,1.0,136.0,303.67167410029936,303.6718795776367,303.65426138675576,-0.02886738176093517,-0.028767270116675726,-0.0286925012866656,253.57366482969096,251.80814411329186,259.59263532811946,-1.9897793874031666,-2.0269817113876343,-2.3343603134155275,-2.1930838227272034,-1.850474238395691,-1.5763298988342285,-2.031071855884158,-2.057772994041443,5.602018350972767e-05,5.6337965361308306e-05,0.0005383275388753232,0.0005310832348186523,-17.5,17.5,-177.5,177.5,clear_sky,within_sample_fractions,6883,0.08333333333333333,0.17415488833167334,1228,0.17841057678337935,0.041666666666666664,0.11699412878143299,817,0.11869824204561964,0.011363636363636364,0.0847833218340037,543,0.07889001888711318,0.8636363636363636,0.6240676610528899,4295,0.6240011622838878,1.1102230246251565e-16,0.0
104,sst_by_omega,sst_303.5_304,weak_subsidence,275,8416,30.603636363636365,21.0,1.0,165.0,303.6744821645439,303.6730779012044,303.6580052046342,0.030027475991461574,0.029839157998081175,0.02996349175037308,255.96014868116885,255.39783881692324,261.80085557417436,-1.9171435037526217,-1.9588053226470947,-2.314882230758667,-2.137419581413269,-1.7196422219276428,-1.4519325494766235,-1.968853538794951,-2.0080409049987793,5.516910087118793e-05,5.551556751015596e-05,0.0005030642394823107,0.0004919770872220397,-17.5,17.5,-177.5,177.5,clear_sky,within_sample_fractions,8416,0.07272727272727272,0.14580265694382066,1333,0.15838878326996197,0.03636363636363636,0.12402524690349183,995,0.11822718631178707,0.014545454545454545,0.07171065473639146,658,0.07818441064638783,0.8763636363636363,0.658461441416296,5430,0.6451996197718631,0.0,0.0
105,sst_by_omega,sst_303_303.5,neutral,323,14025,43.421052631578945,28.0,1.0,275.0,303.20165973496603,303.2089359059053,303.19132291717057,0.00040809667768576584,0.00014605170187316564,0.00039652604621321806,252.6600719790182,252.7878384399414,258.7138935951256,-1.9233554068364596,-1.991791009902954,-2.288000392913818,-2.1289511919021606,-1.815305233001709,-1.5127126216888425,-1.978521122467407,-2.045346260070801,5.4207628033929086e-05,5.407466960605234e-05,0.0004978747641443453,0.000491230865009129,-17.5,17.5,-177.5,177.5,clear_sky,within_sample_fractions,14025,0.11145510835913312,0.18101301678822748,3030,0.2160427807486631,0.030959752321981424,0.12945941508287487,1924,0.13718360071301247,0.02476780185758514,0.08365293603729104,1197,0.0853475935828877,0.8328173374613003,0.6058746320916066,7874,0.5614260249554367,0.0,0.0
106,sst_by_omega,sst_303_303.5,strong_ascent,344,54617,158.7703488372093,81.0,1.0,1235.0,303.193627244906,303.2050464255201,303.178503036499,-0.23728783055255676,-0.2385012597503655,-0.14885091133480674,232.43825481219528,228.52832993217137,236.9074801289758,-2.0824902242071235,-2.120505690574646,-2.2825561285018923,-2.203246593475342,-1.9854095578193665,-1.7942073822021485,-2.149945042929937,-2.1790393590927124,6.0683014754791066e-05,6.063063119654544e-05,0.0006301350908341742,0.0006465659535024315,-17.5,17.5,-177.5,177.5,deep_convective,within_sample_fractions,54617,0.5465116279069767,0.3704888654980724,24889,0.45570060603841295,0.029069767441860465,0.14460786276295215,8604,0.15753336873134738,0.00872093023255814,0.0770045452644089,4271,0.07819909551970998,0.41569767441860467,0.40789872647456654,16853,0.3085669297105297,0.0,0.0
107,sst_by_omega,sst_303_303.5,strong_subsidence,352,57421,163.1278409090909,89.5,1.0,1206.0,303.19148533586036,303.20543426719405,303.1773969910362,0.11877455642577081,0.11600475559582743,0.10417407989734784,247.2493209292106,246.4204824897978,253.9476407874714,-1.9597355407789687,-1.98538738489151,-2.2254940271377563,-2.115748405456543,-1.8301523923873901,-1.6174882531166077,-2.0193025909406557,-2.0422435998916626,5.6534101505886525e-05,5.62519326194888e-05,0.0005289107759422636,0.0005360697687137872,-17.5,17.5,-177.5,177.5,clear_sky,within_sample_fractions,57421,0.13636363636363635,0.22863452601606157,15719,0.2737500217690392,0.017045454545454544,0.13370329803189565,8592,0.14963166785670748,0.008522727272727272,0.07934129233910286,5147,0.08963619581686143,0.8380681818181818,0.5583208836129399,27963,0.4869821145573919,0.0,0.0
108,sst_by_omega,sst_303_303.5,weak_ascent,336,23356,69.51190476190476,44.0,1.0,469.0,303.1927914671296,303.2063723833133,303.1789355505081,-0.029219721503447083,-0.02894522991123495,-0.028770896518835798,251.67552368078438,251.02404171466213,257.7274468966893,-1.9788880660420372,-2.02149760723114,-2.3153462409973145,-2.1601927280426025,-1.8194043338298798,-1.4951668977737427,-2.0437754930130074,-2.0811893939971924,5.4435307577348014e-05,5.418730688688811e-05,0.0005228594242171745,0.0005254014977253973,-17.5,17.5,-177.5,177.5,clear_sky,within_sample_fractions,23356,0.10714285714285714,0.1889812390130164,5459,0.23373009076896728,0.020833333333333332,0.12158151366838779,3373,0.14441685220071931,0.020833333333333332,0.08816277802968878,1973,0.08447508134954615,0.8511904761904762,0.601274469288907,12551,0.5373779756807673,0.0,0.0
109,sst_by_omega,sst_303_303.5,weak_subsidence,337,28779,85.39762611275964,60.0,1.0,613.0,303.1947116116007,303.20417376262384,303.1812169558924,0.029394127440706144,0.029640415207379395,0.029306235130412025,253.58272941065397,253.21470491813892,260.11788431048745,-1.9280689459139322,-1.950669288635254,-2.2316657066345216,-2.1119942665100098,-1.8040826320648193,-1.5316674470901486,-1.992876771964597,-2.0226926803588867,5.4282377372017044e-05,5.389127545640804e-05,0.0004975127742771896,0.0005000049713999033,-17.5,17.5,-177.5,177.5,clear_sky,within_sample_fractions,28779,0.08011869436201781,0.17494980228989285,6126,0.2128635463358699,0.008902077151335312,0.12024500976270425,3842,0.13350012161645644,0.017804154302670624,0.08258406664672056,2392,0.08311616108968345,0.8931750741839762,0.6222211213006823,16419,0.5705201709579902,0.0,0.0
110,sst_by_omega,sst_304.5_305,neutral,36,159,4.416666666666667,3.0,1.0,20.0,304.67044271359333,304.6716003417969,304.6692407396105,-0.0009068452585417375,-0.0008403772997112493,-0.0005137330141830413,256.6558239584381,266.5703141348703,258.30333773295087,-1.7648158520460129,-1.7265304327011108,-2.3801321983337402,-1.9909279942512512,-1.4383536875247955,-1.2610617280006409,-1.8315571116076574,-1.793550431728363,6.178551575430902e-05,6.191782449604943e-05,0.0004799647386890784,0.00041359382157679647,-17.5,17.5,-97.5,172.5,clear_sky,within_sample_fractions,159,0.19444444444444445,0.1991101491101491,19,0.11949685534591195,0.05555555555555555,0.10002405002405003,12,0.07547169811320754,0.05555555555555555,0.06869488536155204,8,0.050314465408805034,0.6944444444444444,0.632170915504249,120,0.7547169811320755,0.0,0.0
111,sst_by_omega,sst_304.5_305,strong_ascent,65,472,7.2615384615384615,2.0,1.0,60.0,304.65210811446497,304.63379923502606,304.64897883488584,-0.20693385799976602,-0.19462434947490692,-0.1695617396957599,247.57712674366698,250.92868041992188,251.18728496844952,-1.8619707327622634,-1.921872615814209,-2.5694376945495603,-2.2412219047546387,-1.5865938663482666,-1.2925682067871094,-1.8959931923792912,-1.921872615814209,6.733260664847107e-05,6.960854807402939e-05,0.0005889026056348274,0.0006005032337270677,-17.5,17.5,-172.5,172.5,clear_sky,within_sample_fractions,472,0.24615384615384617,0.21896342737447475,100,0.211864406779661,0.06153846153846154,0.09903724330742379,45,0.09533898305084745,0.07692307692307693,0.09827218277456139,43,0.09110169491525423,0.6153846153846154,0.5837271465435401,284,0.6016949152542372,0.0,0.0
112,sst_by_omega,sst_304.5_305,strong_subsidence,70,620,8.857142857142858,3.0,1.0,103.0,304.65289822276367,304.6521759033203,304.6476364135742,0.11428071251266092,0.1146457090973854,0.10780467321830137,257.78858447048276,260.46433666774203,261.9443113054548,-1.9342311331204005,-1.9507753252983093,-2.7029417991638183,-2.225257396697998,-1.6527928113937378,-1.3000145912170409,-1.9701459160872867,-1.9534944891929626,6.164124926207088e-05,6.052239041309804e-05,0.0005738703144223629,0.0005124325398355722,-17.5,17.5,-97.5,167.5,clear_sky,within_sample_fractions,620,0.12857142857142856,0.14134580664847163,69,0.11129032258064517,0.11428571428571428,0.13585281957288312,51,0.08225806451612903,0.04285714285714286,0.056375256540696764,36,0.05806451612903226,0.7142857142857143,0.6664261172379484,464,0.7483870967741936,1.1102230246251565e-16,0.0
113,sst_by_omega,sst_304.5_305,weak_ascent,49,241,4.918367346938775,2.0,1.0,36.0,304.6330852528222,304.6443405151367,304.62842295121175,-0.028725838156141475,-0.027537847869098186,-0.028165517831031158,261.4435534807863,261.6936340332031,261.89254169074854,-1.934170884137251,-1.9308799505233765,-2.6736448764801026,-2.390352249145508,-1.557080626487732,-1.2535773277282707,-1.9705251266761703,-1.9853417873382568,6.0536949938384116e-05,6.235492037376389e-05,0.0005625722267871665,0.00046852653031237423,-17.5,17.5,-97.5,167.5,clear_sky,within_sample_fractions,241,0.1836734693877551,0.1447278911564626,22,0.0912863070539419,0.061224489795918366,0.05498056365403304,15,0.06224066390041494,0.04081632653061224,0.07923550372529964,19,0.07883817427385892,0.7142857142857143,0.7210560414642048,185,0.7676348547717843,0.0,0.0
114,sst_by_omega,sst_304.5_305,weak_subsidence,62,306,4.935483870967742,2.0,1.0,41.0,304.64992919890693,304.6344976425171,304.64078349451864,0.029736260446236732,0.029489686436538876,0.029625393953474778,264.48849535283665,269.31591796875,266.75667350522934,-1.9581596726371395,-1.9413853287696838,-2.660657358169556,-2.3698992133140564,-1.6134394407272339,-1.257667350769043,-1.985613525875153,-2.036376953125,5.882160920948316e-05,5.8083212934434414e-05,0.000581878596882058,0.0004528933350229636,-17.5,17.5,-102.5,152.5,clear_sky,within_sample_fractions,306,0.06451612903225806,0.07406286671628921,19,0.06209150326797386,0.0967741935483871,0.11159388408601627,24,0.0784313725490196,0.04838709677419355,0.07443711164698577,14,0.0457516339869281,0.7903225806451613,0.7399061375507087,249,0.8137254901960784,1.1102230246251565e-16,0.0
115,sst_by_omega,sst_304_304.5,neutral,148,780,5.27027027027027,3.5,1.0,40.0,304.14618985067193,304.1453170776367,304.13714826429214,0.00038125333822497083,0.00023661668346903754,0.00036891375728717666,262.22416132168814,265.74131774902344,265.1393222293338,-1.91843032663235,-1.9108062386512756,-2.593911957740784,-2.2435141801834106,-1.627942055463791,-1.2202443599700925,-1.949600003735238,-1.9160301685333252,5.5894140328942935e-05,5.74553068872774e-05,0.0005363329100627861,0.0004687700857175514,-17.5,17.5,-177.5,177.5,clear_sky,within_sample_fractions,780,0.08783783783783784,0.10416403356031839,83,0.1064102564102564,0.06756756756756757,0.08483331675669137,67,0.0858974358974359,0.02702702702702703,0.06352828051744461,49,0.06282051282051282,0.8175675675675675,0.7474743691655457,581,0.7448717948717949,0.0,0.0
116,sst_by_omega,sst_304_304.5,strong_ascent,181,2428,13.414364640883978,7.0,1.0,97.0,304.1470316507175,304.14272054036456,304.13316362075386,-0.20382196231684901,-0.18779881629678938,-0.14954033412697895,238.7850825613515,239.6328677473397,241.78507312753584,-2.0914353613036774,-2.10988450050354,-2.5684268474578857,-2.3013854026794434,-1.8804752826690674,-1.618631362915039,-2.117854371255274,-2.121899127960205,6.40340551087737e-05,6.524565105792135e-05,0.0007026504302689695,0.0006624662200920284,-17.5,17.5,-177.5,177.5,clear_sky,within_sample_fractions,2428,0.39779005524861877,0.29725113530139063,729,0.3002471169686985,0.06629834254143646,0.12636665089984375,316,0.1301482701812191,0.055248618784530384,0.11273678318507653,207,0.08525535420098847,0.48066298342541436,0.463645430613689,1176,0.4843492586490939,1.1102230246251565e-16,0.0
117,sst_by_omega,sst_304_304.5,strong_subsidence,187,3021,16.155080213903744,8.0,1.0,142.0,304.1463630290135,304.15622590717516,304.1338323909331,0.11521720365418348,0.11182073131203651,0.10475842004273346,254.07743263055127,253.73353152804904,258.90594890410887,-1.9034330016151468,-1.9251970052719116,-2.348842477798462,-2.145469069480896,-1.701755702495575,-1.371821117401123,-1.9220892611671896,-1.9324688911437988,5.9049316648615494e-05,6.022876550559886e-05,0.0005333186246306551,0.0005236792494542897,-17.5,17.5,-177.5,177.5,clear_sky,within_sample_fractions,3021,0.12299465240641712,0.16573203359104313,487,0.16120489904005297,0.058823529411764705,0.11116696683121356,337,0.11155246607083748,0.0481283422459893,0.08891058447898403,230,0.07613373055279708,0.7700534759358288,0.6341904150987593,1967,0.6511089043363125,0.0,0.0
118,sst_by_omega,sst_304_304.5,weak_ascent,148,1248,8.432432432432432,5.0,1.0,50.0,304.15542568103024,304.1487236022949,304.1483267706794,-0.02964610848869649,-0.029153311848998643,-0.029108155952967906,258.27577130061815,261.19016011555993,262.9820178263896,-1.9298324425880973,-1.9503647089004517,-2.536596894264221,-2.200914144515991,-1.6916086375713348,-1.3012887239456177,-1.9871210117597837,-1.9747485518455505,5.8354438634351765e-05,5.9202680859016255e-05,0.0005347047580152001,0.00048217469884548336,-17.5,17.5,-177.5,177.5,clear_sky,within_sample_fractions,1248,0.10810810810810811,0.13631492429573458,177,0.14182692307692307,0.07432432432432433,0.11001263057682506,139,0.11137820512820513,0.033783783783783786,0.059436458951204287,71,0.05689102564102564,0.7837837837837838,0.694235986176236,861,0.6899038461538461,0.0,0.0
119,sst_by_omega,sst_304_304.5,weak_subsidence,164,1596,9.731707317073171,5.0,1.0,66.0,304.15317470983825,304.1520815762607,304.14180550924164,0.029519728431895192,0.029600749141536653,0.029227079261412343,259.3050056808305,262.25914086235895,263.88429232341485,-1.8342740146397818,-1.8889143466949463,-2.316253089904785,-2.1192626953125,-1.6017386317253113,-1.349222338199615,-1.8583452915545644,-1.9006491899490356,5.848538113219192e-05,5.732725367124658e-05,0.0004946487238268629,0.00046199695498216897,-17.5,17.5,-177.5,177.5,clear_sky,within_sample_fractions,1596,0.08536585365853659,0.11729199555565747,194,0.12155388471177944,0.07317073170731707,0.11372381624813441,149,0.09335839598997493,0.036585365853658534,0.07150466298428199,108,0.06766917293233082,0.8048780487804879,0.697479525211926,1145,0.7174185463659147,1.1102230246251565e-16,0.0
